id,date,open,high,low,close,volume,vol_fiat,sma10,sma20,sma30,sma50,sma100,sma200,sma400,sma500,sma1000,ema10,ema20,ema30,ema50,ema100,ema200,ema400,ema500,ema1000,macd1,macd2,macd3,macd4
1278,2025-06-06,20.17,20.44,20.03,20.06,70072846.0,1749240000000,20.462,20.676499999999997,20.456,21.1798,21.120500000000003,22.942600000000002,31.0254,31.321240000000003,37.588480000000004,0,0,0,0,0,0,0,0,0,-0.04534034,0,0,0
1277,2025-06-05,20.27,20.55,19.85,19.99,72595606.0,1749153600000,20.611,20.699,20.505,21.253200000000003,21.156399999999998,22.99775,31.061574999999998,31.33984,37.63046,0,0,0,0,0,0,0,0,0,-0.04716657,0,0,0
1275,2025-06-04,20.34,20.5,20.01,20.25,71166549.0,1749067200000,20.764,20.702,20.442999999999998,21.3152,21.2052,23.050900000000002,31.097375000000003,31.35792,37.67395,0,0,0,0,0,0,0,0,0,-0.03510595,0,0,0
1273,2025-06-02,19.482,19.82,19.3745,19.74,67885473.0,1748894400000,20.957,20.764000000000003,20.420333333333335,21.3806,21.2477,23.102800000000002,31.1308,31.37368,37.71933,0,0,0,0,0,0,0,0,0,-0.03566972,0,0,0
1271,2025-05-29,20.54,20.595,20.1,20.25,66485207.0,1748548800000,21.125,20.8065,20.424,21.4712,21.2947,23.159000000000002,31.164575,31.391119999999997,37.763349999999996,0,0,0,0,0,0,0,0,0,0.02194437,0,0,0
1269,2025-05-27,20.44,20.67,20.18,20.55,69504564.0,1748376000000,21.2,20.7695,20.48166666666667,21.588,21.3323,23.21,31.195425,31.408939999999998,37.806824999999996,0,0,0,0,0,0,0,0,0,0.06357569,0,0,0
1267,2025-05-23,20.16,20.27,19.94,20.05,68206064.0,1748030400000,21.176,20.684,20.55366666666667,21.691399999999998,21.3688,23.25955,31.229,31.42746,37.852055,0,0,0,0,0,0,0,0,0,0.09768697,0,0,0
1265,2025-05-21,21.19,21.6292,20.59,20.69,62904697.0,1747857600000,21.165,20.643,20.642333333333333,21.8382,21.416700000000002,23.3131,31.261100000000003,31.44418,37.896785,0,0,0,0,0,0,0,0,0,0.19863315,0,0,0
1263,2025-05-19,21.18,21.56,21.05,21.38,64279077.0,1747684800000,21.122999999999998,20.624000000000002,20.733333333333334,21.8964,21.4533,23.364250000000002,31.292225,31.45882,37.939885000000004,0,0,0,0,0,0,0,0,0,0.2820511,0,0,0
1262,2025-05-16,21.53,21.76,21.35,21.66,55795144.0,1747425600000,21.047,20.542,20.827333333333335,21.8882,21.4898,23.4119,31.32065,31.46996,37.981405,0,0,0,0,0,0,0,0,0,0.32615818,0,0,0
1260,2025-05-15,21.23,21.63,21.185,21.55,66705457.0,1747339200000,20.891,20.453,20.912666666666667,21.8504,21.522399999999998,23.4573,31.34795,31.481080000000002,38.023055,0,0,0,0,0,0,0,0,0,0.33536202,0,0,0
1259,2025-05-14,22.35,22.46,21.46,21.52,91584827.0,1747252800000,20.787,20.452,21.003,21.801399999999997,21.557399999999998,23.501649999999998,31.3779,31.49086,38.063755,0,0,0,0,0,0,0,0,0,0.35168588,0,0,0
1257,2025-05-12,22.18,22.67,21.88,22.18,94578691.0,1747080000000,20.64,20.2825,21.084333333333333,21.764,21.604200000000002,23.54795,31.411025,31.499779999999998,38.104905,0,0,0,0,0,0,0,0,0,0.36162191,0,0,0
1256,2025-05-09,21.2,21.45,20.83,21.42,51768565.0,1746820800000,20.571,20.152,21.149,21.7062,21.6329,23.5872,31.444775,31.50648,38.142574999999994,0,0,0,0,0,0,0,0,0,0.2845669,0,0,0
1254,2025-05-08,21.01,21.24,20.64,21,71651698.0,1746734400000,20.488,20.073500000000003,21.291333333333334,21.665399999999998,21.6439,23.63155,31.47845,31.51562,38.181895,0,0,0,0,0,0,0,0,0,0.24328622,0,0,0
1253,2025-05-07,19.97,20.37,19.82,20.31,61134293.0,1746648000000,20.339000000000002,20.1225,21.392999999999997,21.634,21.6659,23.680799999999998,31.512649999999997,31.526419999999998,38.219225,0,0,0,0,0,0,0,0,0,0.17561901,0,0,0
1251,2025-05-06,19.92,20.12,19.77,19.94,51330772.0,1746561600000,20.192,20.2425,21.40533333333333,21.628,21.6858,23.7302,31.547575000000002,31.5382,38.258815000000006,0,0,0,0,0,0,0,0,0,0.142305,0,0,0
1249,2025-05-05,20.39,20.58,20.235,20.27,44236981.0,1746475200000,20.121000000000002,20.381,21.404999999999998,21.624200000000002,21.7154,23.781149999999997,31.585275000000003,31.54898,38.300115,0,0,0,0,0,0,0,0,0,0.13379158,0,0,0
1247,2025-05-02,20.26,20.78,20.21,20.62,63298512.0,1746216000000,20.125,20.5385,21.421,21.6148,21.7419,23.8334,31.622675,31.5583,38.342725,0,0,0,0,0,0,0,0,0,0.10969692,0,0,0
1245,2025-04-30,19.71,20.18,19.55,20.1,68297323.0,1746043200000,20.037,20.7175,21.427333333333333,21.6082,21.7625,23.8807,31.6583,31.566860000000002,38.382885,0,0,0,0,0,0,0,0,0,0.05382576,0,0,0
1243,2025-04-28,20.12,21.08,20.05,20.51,96624416.0,1745870400000,20.015,20.9235,21.515333333333334,21.6228,21.784899999999997,23.9373,31.694025,31.57694,38.423185,0,0,0,0,0,0,0,0,0,0.03188856,0,0,0
1242,2025-04-25,19.73,20.18,19.34,20.05,147703174.0,1745611200000,20.116999999999997,21.111,21.622666666666664,21.644000000000002,21.7996,23.99345,31.73225,31.587139999999998,38.465865,0,0,0,0,0,0,0,0,0,-0.02283246,0,0,0
1240,2025-04-24,21.035,21.55,20.88,21.49,117086220.0,1745524800000,19.925,21.3065,21.724,21.6802,21.8275,24.0537,31.77155,31.59798,38.506935,0,0,0,0,0,0,0,0,0,-0.04007492,0,0,0
1238,2025-04-23,20.715,21.03,20.31,20.59,97188092.0,1745438400000,19.732999999999997,21.438,21.791666666666668,21.6858,21.837,24.1054,31.8099,31.60712,38.546155,0,0,0,0,0,0,0,0,0,-0.19266466,0,0,0
1237,2025-04-22,19.055,19.735,19.04,19.51,83365634.0,1745352000000,19.659,21.693,21.91433333333333,21.667399999999997,21.854200000000002,24.1626,31.8448,31.62116,38.588575,0,0,0,0,0,0,0,0,0,-0.32385042,0,0,0
1235,2025-04-21,18.93,18.985,18.25,18.84,72409946.0,1745265600000,19.906,21.919999999999998,22.133666666666667,21.671599999999998,21.8935,24.2214,31.881925000000003,31.638540000000003,38.630675000000004,0,0,0,0,0,0,0,0,0,-0.390622,0,0,0
1233,2025-04-16,19.34,19.43,18.72,19.23,89469703.0,1744833600000,20.293,22.012,22.363,21.678800000000003,21.940700000000003,24.282449999999997,31.920075,31.65856,38.673685,0,0,0,0,0,0,0,0,0,-0.39104091,0,0,0
1231,2025-04-14,20.59,21.05,19.9801,20.31,101964371.0,1744660800000,20.641,22.047,22.634999999999998,21.6772,21.9806,24.33885,31.956075000000002,31.67738,38.716925,0,0,0,0,0,0,0,0,0,-0.37905422,0,0,0
1229,2025-04-11,19.245,19.795,18.175,19.74,128425810.0,1744401600000,20.952,22.069,22.744666666666667,21.6686,22.0121,24.386550000000003,31.99035,31.69386,38.758425,0,0,0,0,0,0,0,0,0,-0.44380201,0,0,0
1228,2025-04-10,20.675,20.82,19.16,19.88,129064855.0,1744315200000,21.398000000000003,22.1225,22.785666666666668,21.6712,22.0479,24.438299999999998,32.024425,31.709979999999998,38.799345,0,0,0,0,0,0,0,0,0,-0.47542235,0,0,0
1227,2025-04-09,18.07,21.73,17.975,21.53,223917890.0,1744228800000,21.832,22.2655,22.782,21.6848,22.0729,24.488899999999997,32.060875,31.72568,38.838325,0,0,0,0,0,0,0,0,0,-0.50793945,0,0,0
1225,2025-04-08,20.06,20.39,17.665,18.13,163982681.0,1744142400000,22.105,22.3755,22.701,21.6586,22.0835,24.534650000000003,32.0933,31.739099999999997,38.875575,0,0,0,0,0,0,0,0,0,-0.6902853,0,0,0
1223,2025-04-07,19.14,20.67,18.56,19.57,142491152.0,1744056000000,22.688,22.6235,22.751666666666665,21.6924,22.1248,24.598850000000002,32.1339,31.760939999999998,38.916605000000004,0,0,0,0,0,0,0,0,0,-0.57481079,0,0,0
1221,2025-04-04,21.7,22.2,19.7,19.85,175014739.0,1743796800000,23.143,22.821,22.74233333333333,21.706999999999997,22.153000000000002,24.655500000000004,32.16785,31.77918,38.955214999999995,0,0,0,0,0,0,0,0,0,-0.47914153,0,0,0
1219,2025-04-02,21.89,22.38,21.7,21.98,58878848.0,1743624000000,23.727,23.042,22.726666666666667,21.7188,22.1814,24.7088,32.2029,31.80012,38.994155,0,0,0,0,0,0,0,0,0,-0.31165506,0,0,0
1217,2025-03-31,22.38,22.745,21.75,22.71,65832019.0,1743451200000,23.934,23.2475,22.641666666666666,21.687199999999997,22.196199999999997,24.750749999999996,32.2329,31.81268,39.029855000000005,0,0,0,0,0,0,0,0,0,-0.24247334,0,0,0
1215,2025-03-28,23.35,23.58,22.56,22.71,58365257.0,1743192000000,23.731,23.398,22.551666666666666,21.636999999999997,22.2082,24.78955,32.259375,31.82316,39.065144999999994,0,0,0,0,0,0,0,0,0,-0.18799368,0,0,0
1213,2025-03-26,24.25,24.4194,23.25,23.42,58820364.0,1743019200000,23.453,23.631999999999998,22.453,21.5732,22.2203,24.832800000000002,32.28445,31.83406,39.099125,0,0,0,0,0,0,0,0,0,-0.08643863,0,0,0
1211,2025-03-25,24.175,24.75,24.11,24.2,50582198.0,1742932800000,23.186,23.641,22.332333333333334,21.486,22.221500000000002,24.875100000000003,32.305524999999996,31.8474,39.131215,0,0,0,0,0,0,0,0,0,0.00300773,0,0,0
1209,2025-03-24,24.715,24.99,24.13,24.22,65704110.0,1742846400000,22.847,23.479499999999998,22.201999999999998,21.388,22.207600000000003,24.929650000000002,32.32495,31.858400000000003,39.16308,0,0,0,0,0,0,0,0,0,0.04033934,0,0,0
1208,2025-03-21,23.6,24.7,23.49,24.26,91240023.0,1742587200000,22.699,23.256999999999998,22.089,21.312399999999997,22.191,24.98105,32.345675,31.869799999999998,39.192449999999994,0,0,0,0,0,0,0,0,0,0.08577728,0,0,0
1206,2025-03-20,23.77,24.31,23.73,23.96,67623070.0,1742500800000,22.646,22.999000000000002,21.999333333333333,21.2438,22.1668,25.031149999999997,32.369074999999995,31.88182,39.2234,0,0,0,0,0,0,0,0,0,0.09818009,0,0,0
1204,2025-03-19,24.9,25.2299,24.03,24.12,132486680.0,1742414400000,22.559,22.7835,21.929333333333332,21.1714,22.1386,25.0834,32.392775,31.89234,39.25488,0,0,0,0,0,0,0,0,0,0.1029296,0,0,0
1202,2025-03-17,24.42,26.145,24.37,25.69,157649292.0,1742241600000,22.499000000000002,22.541999999999998,21.851,21.0914,22.105100000000004,25.1338,32.41475,31.90094,39.28742,0,0,0,0,0,0,0,0,0,0.06299478,0,0,0
1200,2025-03-14,23.675,24.37,23.52,24.05,113408123.0,1741982400000,22.357,22.226499999999998,21.650333333333332,20.9808,22.0629,25.180549999999997,32.43445,31.90718,39.32419,0,0,0,0,0,0,0,0,0,-0.18766682,0,0,0
1198,2025-03-12,20.79,21.17,20.21,20.68,122923967.0,1741809600000,22.561,21.9955,21.505999999999997,20.916,22.0315,25.238699999999998,32.459575,31.91828,39.35881,0,0,0,0,0,0,0,0,0,-0.41324486,0,0,0
1196,2025-03-10,20.24,20.51,19.65,19.93,79734606.0,1741636800000,23.065,21.962,21.456666666666667,20.9208,22.0213,25.316599999999998,32.491225,31.9375,39.39612,0,0,0,0,0,0,0,0,0,-0.40490214,0,0,0
1194,2025-03-06,20.26,21.13,20,20.75,94401002.0,1741294800000,23.811,21.953,21.430666666666664,20.938200000000002,22.0156,25.3985,32.5239,31.95734,39.433769999999996,0,0,0,0,0,0,0,0,0,-0.28207858,0,0,0
1191,2025-03-05,21.33,21.36,20.18,20.81,125157610.0,1741208400000,24.096,21.9055,21.401666666666664,20.972599999999996,22.004499999999997,25.473200000000002,32.5538,31.97472,39.472269999999995,0,0,0,0,0,0,0,0,0,-0.15125373,0,0,0
1189,2025-03-03,25,25.04,22.52,22.74,136525041.0,1741035600000,24.112000000000002,21.8795,21.370333333333335,21.035,21.9871,25.5573,32.584025000000004,31.99172,39.508410000000005,0,0,0,0,0,0,0,0,0,0.061995,0,0,0
1187,2025-02-28,23.02,24.44,22.64,23.73,100645843.0,1740776400000,23.815,21.784,21.297666666666665,21.0612,21.948600000000003,25.6296,32.614675000000005,32.0037,39.53891,0,0,0,0,0,0,0,0,0,0.19117911,0,0,0
1185,2025-02-27,23.7,24.4,23.07,23.09,94037076.0,1740690000000,23.352,21.676,21.180666666666664,21.0596,21.9053,25.702600000000004,32.646275,32.01136,39.566720000000004,0,0,0,0,0,0,0,0,0,0.27142672,0,0,0
1183,2025-02-26,23.245,23.82,23.21,23.52,66665631.0,1740603600000,23.008,21.6145,21.071666666666665,21.0952,21.8687,25.77705,32.6781,32.020540000000004,39.595279999999995,0,0,0,0,0,0,0,0,0,0.43587326,0,0,0
1181,2025-02-24,24.55,24.8,23.62,24.27,89185932.0,1740430800000,22.585,21.527,20.964333333333332,21.1148,21.8345,25.853,32.70825,32.02696,39.623949999999994,0,0,0,0,0,0,0,0,0,0.6086672,0,0,0
1179,2025-02-20,25.56,26.12,24.48,26.09,144497001.0,1740085200000,22.096,21.297,20.836666666666666,21.1182,21.812199999999997,25.930300000000003,32.732350000000004,32.031279999999995,39.65078,0,0,0,0,0,0,0,0,0,0.7501611,0,0,0
1177,2025-02-19,25.98,26.33,25.46,25.72,150611083.0,1739998800000,21.43,20.9785,20.647,21.0766,21.7526,26.0015,32.7498,32.03152,39.6753,0,0,0,0,0,0,0,0,0,0.7260964,0,0,0
1175,2025-02-18,24.6,27.55,24.49,27.39,277361151.0,1739912400000,20.859,20.6525,20.463,21.0462,21.6915,26.0926,32.763850000000005,32.03116,39.69925,0,0,0,0,0,0,0,0,0,0.65884387,0,0,0
1173,2025-02-14,24.36,25.19,22.86,23.6,225068142.0,1739566800000,20.095,20.2405,20.200666666666667,20.9952,21.618299999999998,26.17825,32.774924999999996,32.028259999999996,39.72781,0,0,0,0,0,0,0,0,0,0.30174934,0,0,0
1172,2025-02-11,19.87,21.88,19.8618,20.97,147492724.0,1739307600000,19.715,20.054499999999997,20.049333333333333,21.0102,21.5836,26.281100000000002,32.794125,32.03324,0,0,0,0,0,0,0,0,0,0,0.08433874,0,0,0
1170,2025-02-10,19.25,20.08,19.24,19.77,60849068.0,1739221200000,19.647,19.9995,19.993666666666666,21.0914,21.5793,26.395100000000003,32.8191,32.043240000000004,0,0,0,0,0,0,0,0,0,0,-0.00590958,0,0,0
1168,2025-02-07,19.35,19.36,19.03,19.1,44334054.0,1738962000000,19.753,20.038999999999998,20.016000000000002,21.1944,21.582600000000003,26.5062,32.842175000000005,32.05736,0,0,0,0,0,0,0,0,0,0,-0.03416614,0,0,0
1166,2025-02-05,19.19,19.77,18.91,19.65,58387178.0,1738789200000,20.0,20.095,20.073666666666668,21.3134,21.605700000000002,26.61985,32.862925,32.07204,0,0,0,0,0,0,0,0,0,0,-0.00477046,0,0,0
1164,2025-02-04,19.1,19.53,19.02,19.29,44784264.0,1738702800000,20.221,20.1035,20.096666666666668,21.4444,21.6191,26.734450000000002,32.8863,32.08632,0,0,0,0,0,0,0,0,0,0,-0.01467196,0,0,0
1162,2025-02-03,18.97,19.75,18.78,19.38,74881613.0,1738616400000,20.469,20.154,20.124333333333333,21.5596,21.641399999999997,26.8501,32.91185,32.10158,0,0,0,0,0,0,0,0,0,0,0.01647093,0,0,0
1160,2025-01-31,20.1,20.33,19.38,19.43,114500578.0,1738357200000,20.497999999999998,20.207,20.150333333333332,21.6224,21.6563,26.9642,32.939099999999996,32.11712,0,0,0,0,0,0,0,0,0,0,0.06016091,0,0,0
1158,2025-01-30,19.72,20.1,19.43,20.01,107436612.0,1738270800000,20.527,20.2555,20.19633333333333,21.6978,21.668899999999997,27.0773,32.96535,32.13478,0,0,0,0,0,0,0,0,0,0,0.12036046,0,0,0
1157,2025-01-29,19.87,20.08,19.66,19.75,55811998.0,1738184400000,20.446,20.265,20.226666666666667,21.7436,21.668000000000003,27.1908,32.989525,32.15222,0,0,0,0,0,0,0,0,0,0,0.15741875,0,0,0
1155,2025-01-28,20.34,20.342,19.74,19.8,67311770.0,1738098000000,20.386,20.2535,20.261666666666667,21.8066,21.664099999999998,27.30525,33.012325000000004,32.1701,0,0,0,0,0,0,0,0,0,0,0.23251698,0,0,0
1153,2025-01-27,20.81,21.06,20.14,20.29,82095249.0,1738011600000,20.394,20.2165,20.350666666666665,21.869,21.663200000000003,27.42,33.035875000000004,32.18698,0,0,0,0,0,0,0,0,0,0,0.33107872,0,0,0
1151,2025-01-24,21.36,21.41,20.75,20.83,64364884.0,1737752400000,20.351999999999997,20.166999999999998,20.471999999999998,21.9168,21.6652,27.534699999999997,33.057525,32.20328,0,0,0,0,0,0,0,0,0,0,0.4193538,0,0,0
1150,2025-01-23,21.69,21.75,21.35,21.57,52114853.0,1737666000000,20.325,20.1475,20.579333333333334,21.947,21.6468,27.656750000000002,33.077600000000004,32.21828,0,0,0,0,0,0,0,0,0,0,0.46814119,0,0,0
1148,2025-01-22,21.725,22.285,21.57,21.86,58799888.0,1737579600000,20.19,20.1105,20.648666666666667,21.9552,21.6294,27.773200000000003,33.098925,32.23234,0,0,0,0,0,0,0,0,0,0,0.42921919,0,0,0
1146,2025-01-21,22.03,22.41,21.75,21.77,92549239.0,1737493200000,19.985999999999997,20.0345,20.749000000000002,21.974800000000002,21.611900000000002,27.883899999999997,33.1212,32.24696,0,0,0,0,0,0,0,0,0,0,0.3271493,0,0,0
1144,2025-01-16,19.75,19.95,19.4,19.67,43961646.0,1737061200000,19.839,19.952,20.84,21.988200000000003,21.609,28.0058,33.144875,32.26224,0,0,0,0,0,0,0,0,0,0,0.17077751,0,0,0
1142,2025-01-15,19.4,19.77,19.171,19.72,54942993.0,1736974800000,19.916,19.976499999999998,20.999000000000002,22.041,21.702800000000003,28.13,33.172325,32.282560000000004,0,0,0,0,0,0,0,0,0,0,0.14840918,0,0,0
1140,2025-01-13,18.92,19.249,18.73,19.2,50112074.0,1736802000000,19.984,20.031,21.142,22.1154,21.813000000000002,28.2472,33.197449999999996,32.30326,0,0,0,0,0,0,0,0,0,0,0.11363629,0,0,0
1138,2025-01-10,19.66,19.66,18.91,19.15,70142530.0,1736542800000,20.084,20.116999999999997,21.308666666666667,22.202600000000004,21.9223,28.379250000000003,33.2252,32.32266,0,0,0,0,0,0,0,0,0,0,0.12107798,0,0,0
1136,2025-01-08,19.825,20.12,19.71,19.88,46923293.0,1736370000000,20.121000000000002,20.1995,21.498333333333335,22.284000000000002,22.039099999999998,28.5026,33.254975,32.34181,0,0,0,0,0,0,0,0,0,0,0.15065346,0,0,0
1134,2025-01-06,20.83,20.98,19.78,19.87,80679573.0,1736197200000,20.038999999999998,20.329,21.647333333333332,22.3556,22.1538,28.61845,33.279925,32.36073,0,0,0,0,0,0,0,0,0,0,0.13679114,0,0,0
1132,2025-01-03,20.39,20.665,20.06,20.56,48081194.0,1735938000000,19.982,20.532,21.819333333333336,22.4246,22.2661,28.72905,33.302875,32.38033,0,0,0,0,0,0,0,0,0,0,0.13117126,0,0,0
1130,2025-01-02,20.23,20.43,20,20.22,45836588.0,1735851600000,19.97,20.7065,21.96466666666667,22.461,22.3775,28.839899999999997,33.323675,32.398849999999996,0,0,0,0,0,0,0,0,0,0,0.05804478,0,0,0
1128,2024-12-30,20.01,20.115,19.73,19.82,58083730.0,1735592400000,20.031,20.878,22.125666666666667,22.5084,22.5048,28.95375,33.347274999999996,32.416290000000004,0,0,0,0,0,0,0,0,0,0,0.00070652,0,0,0
1126,2024-12-27,20.21,20.605,20.09,20.3,47615670.0,1735333200000,20.083,21.1305,22.33833333333333,22.557199999999998,22.640300000000003,29.0696,33.373475,32.43639,0,0,0,0,0,0,0,0,0,0,-0.01424982,0,0,0
1124,2024-12-26,20.23,20.665,20.08,20.44,39287916.0,1735246800000,20.065,21.3405,22.496666666666666,22.599,22.7671,29.183000000000003,33.399875,32.45557,0,0,0,0,0,0,0,0,0,0,-0.06515337,0,0,0
1123,2024-12-24,20.22,20.4,19.96,20.4,29762297.0,1735074000000,20.037,21.5405,22.566,22.644000000000002,22.9114,29.29815,33.42665,32.47375,0,0,0,0,0,0,0,0,0,0,-0.14579749,0,0,0
1121,2024-12-23,19.58,20.23,19.52,20.2,57067106.0,1734987600000,20.078,21.721,22.659333333333333,22.7052,23.052,29.41875,33.455225,32.494369999999996,0,0,0,0,0,0,0,0,0,0,-0.23556902,0,0,0
1119,2024-12-20,18.97,19.76,18.9,19.52,102003353.0,1734728400000,20.15,21.921,22.729333333333333,22.7794,23.1934,29.535300000000003,33.485075,32.514669999999995,0,0,0,0,0,0,0,0,0,0,-0.33286396,0,0,0
1118,2024-12-19,19.53,19.69,19.03,19.06,65185524.0,1734642000000,20.278,22.187,22.842,22.867400000000004,23.3428,29.65795,33.516,32.53649,0,0,0,0,0,0,0,0,0,0,-0.38649024,0,0,0
1117,2024-12-18,20.48,20.58,19.21,19.3,77140235.0,1734555600000,20.619,22.451500000000003,22.970666666666666,22.956999999999997,23.4971,29.7836,33.548674999999996,32.55789,0,0,0,0,0,0,0,0,0,0,-0.38671778,0,0,0
1115,2024-12-17,20.64,20.77,20.2925,20.44,47264221.0,1734469200000,21.082,22.738,23.083333333333332,23.027199999999997,23.6391,29.9029,33.580475,32.57433,0,0,0,0,0,0,0,0,0,0,-0.37442091,0,0,0
1113,2024-12-16,20.17,21.1,20,20.83,72031531.0,1734382800000,21.443,22.962,23.146666666666665,23.0696,23.7834,30.02085,33.61025,32.59041,0,0,0,0,0,0,0,0,0,0,-0.42936346,0,0,0
1111,2024-12-13,20.6,20.8,20.25,20.34,54103676.0,1734123600000,21.725,23.173000000000002,23.185,23.0898,23.915,30.133249999999997,33.639475000000004,32.60557,0,0,0,0,0,0,0,0,0,0,-0.51891868,0,0,0
1109,2024-12-11,20.14,20.25,19.87,20.12,70735588.0,1733950800000,22.178,23.466,23.26833333333333,23.1058,24.031799999999997,30.24405,33.67065,32.62129,0,0,0,0,0,0,0,0,0,0,-0.55798596,0,0,0
1107,2024-12-10,20.83,20.86,19.96,20.16,87553421.0,1733864400000,22.616,23.7125,23.345666666666666,23.1188,24.1429,30.35735,33.702425,32.63583,0,0,0,0,0,0,0,0,0,0,-0.55232693,0,0,0
1105,2024-12-09,20.92,21.06,20.73,20.81,67901929.0,1733778000000,23.044,23.8305,23.417333333333332,23.145,24.252,30.47025,33.734775,32.650349999999996,0,0,0,0,0,0,0,0,0,0,-0.50450862,0,0,0
1104,2024-12-06,20.95,21.05,20.66,20.92,77479270.0,1733518800000,23.364,23.95,23.505,23.147,24.3523,30.58005,33.764975,32.665330000000004,0,0,0,0,0,0,0,0,0,0,-0.45170517,0,0,0
1102,2024-12-05,22.04,22.19,20.66,20.8,166990766.0,1733432400000,23.692,24.019,23.593,23.121799999999997,24.452800000000003,30.68845,33.79435,32.68035,0,0,0,0,0,0,0,0,0,0,-0.35812148,0,0,0
1100,2024-12-03,23.68,23.75,22.44,22.47,133512962.0,1733259600000,24.096,24.124000000000002,23.67366666666667,23.093000000000004,24.550700000000003,30.80125,33.822575,32.696889999999996,0,0,0,0,0,0,0,0,0,0,-0.19226604,0,0,0
1098,2024-12-02,24.84,25.48,23.44,23.93,146140094.0,1733173200000,24.284,24.1465,23.706666666666667,23.0364,24.6314,30.9043,33.8452,32.70449,0,0,0,0,0,0,0,0,0,0,-0.08667168,0,0,0
1096,2024-11-29,23.72,24.28,23.6,24.05,35618489.0,1732914000000,24.394,24.084,23.686333333333334,22.9392,24.699499999999997,30.999250000000004,33.8586,32.71105,0,0,0,0,0,0,0,0,0,0,-0.07218326,0,0,0
1094,2024-11-27,23.83,23.93,23.06,23.65,53435249.0,1732741200000,24.481,23.9985,23.630666666666666,22.836,24.764699999999998,31.098200000000002,33.871425,32.71777,0,0,0,0,0,0,0,0,0,0,-0.05694525,0,0,0
1092,2024-11-25,25.04,25.565,24.76,24.87,81864534.0,1732568400000,24.621000000000002,23.915,23.595333333333333,22.750999999999998,24.8391,31.1982,33.8857,32.724830000000004,0,0,0,0,0,0,0,0,0,0,0.01358955,0,0,0
1091,2024-11-22,24.35,24.68,24.14,24.5,35073760.0,1732309200000,24.754,23.813499999999998,23.508333333333333,22.6422,24.8966,31.3216,33.896100000000004,32.72903,0,0,0,0,0,0,0,0,0,0,-0.00716466,0,0,0
1089,2024-11-21,24.08,24.77,23.83,24.44,54658296.0,1732222800000,24.809,23.710500000000003,23.438,22.5542,24.9579,31.44455,33.905175,32.732189999999996,0,0,0,0,0,0,0,0,0,0,-0.01146159,0,0,0
1088,2024-11-20,24.07,24.21,23.55,24.01,48263818.0,1732136400000,24.617,23.604,23.379666666666665,22.5062,25.0233,31.566799999999997,33.915225,32.73531,0,0,0,0,0,0,0,0,0,0,-0.01240398,0,0,0
1086,2024-11-19,24.5,24.54,24.095,24.2,57050202.0,1732050000000,24.536,23.575499999999998,23.361333333333334,22.428600000000003,25.087699999999998,31.687849999999997,33.9281,32.73903,0,0,0,0,0,0,0,0,0,0,0.03956338,0,0,0
1084,2024-11-18,24.33,25.02,24.16,24.84,54581080.0,1731963600000,24.346,23.5435,23.351666666666667,22.336799999999997,25.1503,31.8076,33.942125000000004,32.74347,0,0,0,0,0,0,0,0,0,0,0.09167245,0,0,0
1082,2024-11-15,24.81,24.82,24.23,24.35,52023906.0,1731704400000,24.152,23.4625,23.321,22.2414,25.2095,31.9171,33.95105,32.74561,0,0,0,0,0,0,0,0,0,0,0.09938422,0,0,0
1081,2024-11-14,25.12,25.61,24.9346,25.03,47936738.0,1731618000000,24.009,23.418,23.294,22.156999999999996,25.275199999999998,32.02565,33.9602,32.74975,0,0,0,0,0,0,0,0,0,0,0.16025224,0,0,0
1079,2024-11-13,24.06,25.14,24.02,24.92,56916233.0,1731531600000,23.774,23.3325,23.220000000000002,22.0672,25.334,32.135799999999996,33.965,32.75035,0,0,0,0,0,0,0,0,0,0,0.17142259,0,0,0
1077,2024-11-11,25.96,26.2863,24.83,25.05,66026186.0,1731358800000,23.516,23.2055,23.141333333333332,21.9708,25.3922,32.2468,33.970749999999995,32.75059,0,0,0,0,0,0,0,0,0,0,0.18221007,0,0,0
1075,2024-11-08,26,26.43,25.83,26.2,75376131.0,1731099600000,23.209,23.0825,23.034333333333333,21.898000000000003,25.4459,32.35975,33.974225000000004,32.75089,0,0,0,0,0,0,0,0,0,0,0.17375603,0,0,0
1073,2024-11-06,24.3,25.12,24.05,25.05,114559359.0,1730926800000,22.872999999999998,22.8855,22.865666666666666,21.7938,25.4917,32.466100000000004,33.973675,32.74993,0,0,0,0,0,0,0,0,0,0,0.00913934,0,0,0
1071,2024-11-04,22.96,23,22,22.52,83873160.0,1730754000000,22.612000000000002,22.7525,22.723000000000003,21.723200000000002,25.5415,32.5811,33.974875000000004,32.75419,0,0,0,0,0,0,0,0,0,0,-0.15410639,0,0,0
1069,2024-11-01,23,23.58,21.91,23.2,172084111.0,1730491200000,22.591,22.761000000000003,22.688,21.6902,25.6192,32.71075,33.98355,32.76443,0,0,0,0,0,0,0,0,0,0,-0.14594445,0,0,0
1067,2024-10-30,22.415,22.93,22.26,22.3,48321415.0,1730318400000,22.615000000000002,22.774,22.611666666666668,21.64,25.695700000000002,32.8292,33.991550000000004,32.77343,0,0,0,0,0,0,0,0,0,0,-0.19904919,0,0,0
1066,2024-10-29,22.87,23.14,22.41,22.9,65008442.0,1730232000000,22.741,22.8545,22.523666666666667,21.592399999999998,25.7746,32.95205,34.0013,32.78277,0,0,0,0,0,0,0,0,0,0,-0.18244654,0,0,0
1064,2024-10-28,22.67,23.27,22.56,22.92,38818843.0,1730145600000,22.773,22.9055,22.405666666666665,21.5216,25.8469,33.0728,34.007375,32.78851,0,0,0,0,0,0,0,0,0,0,-0.21131186,0,0,0
1063,2024-10-25,22.42,23.3399,22.41,22.68,66008230.0,1729886400000,22.827,22.936500000000002,22.296333333333333,21.457399999999996,25.924899999999997,33.197199999999995,34.0124,32.79543,0,0,0,0,0,0,0,0,0,0,-0.24013746,0,0,0
1061,2024-10-24,22.09,22.365,21.97,22.34,37561243.0,1729800000000,22.891,22.943,22.176,21.413600000000002,25.9989,33.33505,34.01795,32.80433,0,0,0,0,0,0,0,0,0,0,-0.25366035,0,0,0
1059,2024-10-23,22.3,22.425,21.575,21.98,45479770.0,1729713600000,22.895,22.954,22.061,21.3466,26.089699999999997,33.47585,34.02495,32.81343,0,0,0,0,0,0,0,0,0,0,-0.23114466,0,0,0
1057,2024-10-21,22.61,22.88,22.25,22.84,39200183.0,1729540800000,22.956,22.947,21.975,21.303600000000003,26.1873,33.60595,34.034025,32.82341,0,0,0,0,0,0,0,0,0,0,-0.15976034,0,0,0
1055,2024-10-17,22.72,22.82,22.4,22.44,42662156.0,1729195200000,22.898,22.862000000000002,21.861333333333334,21.249000000000002,26.279899999999998,33.72715,34.0406,32.83277,0,0,0,0,0,0,0,0,0,0,-0.14262598,0,0,0
1053,2024-10-16,22.38,22.54,21.74,22.31,61699987.0,1729108800000,22.893,22.7785,21.783333333333335,21.2298,26.373800000000003,33.84375,34.04965,32.84403,0,0,0,0,0,0,0,0,0,0,-0.08499118,0,0,0
1051,2024-10-14,23.58,23.77,23.2701,23.44,34862608.0,1728936000000,22.931,22.7365,21.774333333333335,21.3646,26.471,33.9655,34.0629,32.85635,0,0,0,0,0,0,0,0,0,0,0.00736616,0,0,0
1050,2024-10-11,23.05,23.82,22.98,23.56,42993576.0,1728676800000,22.933,22.61,21.663999999999998,21.5106,26.5493,34.076750000000004,34.0748,32.86739,0,0,0,0,0,0,0,0,0,0,0.02248823,0,0,0
1048,2024-10-10,23.19,23.53,22.96,23.22,42971342.0,1728590400000,22.968,22.415,21.532333333333334,21.642,26.624200000000002,34.18975,34.088024999999995,32.87915,0,0,0,0,0,0,0,0,0,0,0.01909865,0,0,0
1047,2024-10-09,23.25,23.48,23.06,23.46,42706886.0,1728504000000,23.038,22.222,21.427333333333333,21.7942,26.6971,34.299549999999996,34.101575,32.89119,0,0,0,0,0,0,0,0,0,0,0.03272434,0,0,0
1045,2024-10-08,22.25,23.42,22.045,23.32,56611606.0,1728417600000,23.046,22.031,21.316333333333333,21.951999999999998,26.761,34.4051,34.1143,32.90195,0,0,0,0,0,0,0,0,0,0,0.01826159,0,0,0
1043,2024-10-07,22.4,22.65,22.0209,22.38,43492602.0,1728331200000,22.994999999999997,21.8185,21.223666666666666,22.1076,26.828699999999998,34.5087,34.1255,32.913669999999996,0,0,0,0,0,0,0,0,0,0,-0.0073934,0,0,0
1042,2024-10-04,22.7,22.91,22.3,22.59,49395509.0,1728072000000,23.012999999999998,21.644,21.147666666666666,22.294,26.904899999999998,34.619499999999995,34.138875,32.92749,0,0,0,0,0,0,0,0,0,0,0.04208956,0,0,0
1040,2024-10-03,22.14,22.73,21.65,22.26,48609082.0,1727985600000,22.938,21.4845,21.108333333333334,22.501199999999997,26.985799999999998,34.72005,34.153,32.94543,0,0,0,0,0,0,0,0,0,0,0.11729276,0,0,0
1037,2024-10-02,22.67,23.0668,22.35,22.39,58700455.0,1727899200000,22.826,21.343,21.066,22.7234,27.0729,34.8195,34.169975,32.96383,0,0,0,0,0,0,0,0,0,0,0.23942198,0,0,0
1035,2024-10-01,23.46,23.72,22.255,22.69,75135879.0,1727812800000,22.663999999999998,21.2285,21.037,22.9352,27.158,34.9139,34.185725000000005,32.98055,0,0,0,0,0,0,0,0,0,0,0.3742653,0,0,0
1033,2024-09-30,23.74,23.95,23.09,23.46,64411903.0,1727726400000,22.541999999999998,21.196,20.976333333333333,23.178800000000003,27.2362,35.01005,34.2048,32.99647,0,0,0,0,0,0,0,0,0,0,0.51478754,0,0,0
1031,2024-09-27,24.16,24.66,23.7034,23.91,77911332.0,1727467200000,22.287,21.0295,20.884,23.3988,27.305300000000003,35.1045,34.2168,33.01027,0,0,0,0,0,0,0,0,0,0,0.60395931,0,0,0
1029,2024-09-26,24.28,24.42,23.25,23.92,94521982.0,1727380800000,21.862000000000002,20.814500000000002,20.750999999999998,23.6074,27.370900000000002,35.203649999999996,34.2269,33.02489,0,0,0,0,0,0,0,0,0,0,0.64268109,0,0,0
1027,2024-09-25,22.8,24.055,22.73,23.54,116433767.0,1727294400000,21.406,20.622,20.599,23.8182,27.445300000000003,35.30755,34.2375,33.04057,0,0,0,0,0,0,0,0,0,0,0.65778859,0,0,0
1025,2024-09-24,22.53,23.105,22.285,22.81,112662206.0,1727208000000,21.016,20.4515,20.471333333333334,24.0372,27.5287,35.41455,34.253875,33.05733,0,0,0,0,0,0,0,0,0,0,0.65092675,0,0,0
1023,2024-09-23,22.43,22.82,22.03,22.56,182477680.0,1727121600000,20.642,20.338,20.394000000000002,24.250999999999998,27.6517,35.52165,34.271100000000004,33.07623,0,0,0,0,0,0,0,0,0,0,0.65591531,0,0,0
1021,2024-09-20,20.89,23.14,20.35,21.84,251358013.0,1726862400000,20.275,20.215,20.275,24.4972,27.7711,35.62925,34.2895,33.09699,0,0,0,0,0,0,0,0,0,0,0.63629258,0,0,0
1019,2024-09-19,21.28,21.69,21.03,21.14,97012831.0,1726776000000,20.031,20.1935,20.208000000000002,24.7402,27.895500000000002,35.739850000000004,34.310575,33.12003,0,0,0,0,0,0,0,0,0,0,0.63822665,0,0,0
1017,2024-09-18,21.36,21.74,20.715,20.77,118060918.0,1726689600000,19.86,20.186,20.17366666666667,24.957800000000002,28.028200000000002,35.8525,34.330774999999996,33.147529999999996,0,0,0,0,0,0,0,0,0,0,0.66511714,0,0,0
1015,2024-09-17,21.71,22.58,21.24,21.47,195684663.0,1726603200000,19.793,20.223499999999998,20.197333333333333,25.166999999999998,28.1625,35.96685,34.3499,33.17371,0,0,0,0,0,0,0,0,0,0,0.69199502,0,0,0
1013,2024-09-16,20.03,21.0699,19.76,20.91,147965795.0,1726516800000,19.85,20.1935,20.45,25.359,28.2982,36.083200000000005,34.368249999999996,33.19867,0,0,0,0,0,0,0,0,0,0,0.63221986,0,0,0
1011,2024-09-13,19.49,19.8,19.49,19.66,43840029.0,1726257600000,19.772,20.182499999999997,20.77766666666667,25.5576,28.4459,36.1977,34.389975,33.22453,0,0,0,0,0,0,0,0,0,0,0.56333461,0,0,0
1009,2024-09-12,19.43,19.54,19.04,19.36,51313538.0,1726171200000,19.767,20.195500000000003,21.126666666666665,25.7838,28.611900000000002,36.31615,34.41655,33.25597,0,0,0,0,0,0,0,0,0,0,0.5651031,0,0,0
1007,2024-09-11,19.01,19.69,18.52,19.64,68911908.0,1726084800000,19.838,20.195500000000003,21.509,26.0084,28.781399999999998,36.422399999999996,34.442775000000005,33.28965,0,0,0,0,0,0,0,0,0,0,0.58705549,0,0,0
1005,2024-09-09,19,19.54,18.95,19.07,60679874.0,1725912000000,19.887,20.199,21.899333333333335,26.226399999999998,28.9419,36.52125,34.467275,33.32193,0,0,0,0,0,0,0,0,0,0,0.57569178,0,0,0
1003,2024-09-06,19.44,19.49,18.64,18.89,89850216.0,1725652800000,20.034,20.27,22.300333333333334,26.4598,29.1275,36.61705,34.492875,33.35617,0,0,0,0,0,0,0,0,0,0,0.59615347,0,0,0
1001,2024-09-05,19.28,19.9,19.24,19.4,63175725.0,1725566400000,20.155,20.275,22.72733333333333,26.6934,29.3106,36.7169,34.517475,33.39107,0,0,0,0,0,0,0,0,0,0,0.63921261,0,0,0
999,2024-09-04,19.76,20.045,19.28,19.43,85462407.0,1725480000000,20.356,20.2965,23.179,26.9272,29.499899999999997,36.8089,34.537875,33.42449,0,0,0,0,0,0,0,0,0,0,0.65946545,0,0,0
997,2024-09-03,21.54,21.69,19.99,20.1,113575537.0,1725393600000,20.512,20.3305,23.643666666666665,27.151,29.6854,36.90135,34.5585,33.45681,0,0,0,0,0,0,0,0,0,0,0.69613607,0,0,0
995,2024-08-30,21.25,22.12,21,22.04,173746503.0,1725048000000,20.654,20.3995,24.072999999999997,27.3616,29.8715,36.994699999999995,34.575075,33.48735,0,0,0,0,0,0,0,0,0,0,0.67989408,0,0,0
993,2024-08-29,19.76,20.6,19.75,20.13,63198157.0,1724961600000,20.537,20.75,24.500666666666667,27.540399999999998,30.0484,37.07425,34.58605,33.51231,0,0,0,0,0,0,0,0,0,0,0.46977434,0,0,0
991,2024-08-28,19.98,20.105,19.51,19.61,49545054.0,1724875200000,20.593,21.2805,24.978333333333335,27.746799999999997,30.2504,37.1643,34.60125,33.542809999999996,0,0,0,0,0,0,0,0,0,0,0.3611487,0,0,0
990,2024-08-27,20.13,20.26,19.84,20.07,43406982.0,1724788800000,20.624000000000002,21.8065,25.469333333333335,27.963800000000003,30.4937,37.25475,34.616075,33.57437,0,0,0,0,0,0,0,0,0,0,0.29016737,0,0,0
988,2024-08-26,20.53,20.56,19.95,20.13,56416685.0,1724702400000,20.553,22.3445,25.949,28.1776,30.738200000000003,37.34085,34.63075,33.60555,0,0,0,0,0,0,0,0,0,0,0.22375105,0,0,0
986,2024-08-23,20.32,20.93,20.26,20.54,71295880.0,1724443200000,20.511000000000003,22.9055,26.427666666666667,28.3934,30.9786,37.4227,34.64565,33.63833,0,0,0,0,0,0,0,0,0,0,0.1696963,0,0,0
984,2024-08-22,21.39,21.4,20.04,20.1,79500848.0,1724356800000,20.506,23.433500000000002,26.859666666666666,28.6008,31.210900000000002,37.49845,34.659225,33.66927,0,0,0,0,0,0,0,0,0,0,0.07641925,0,0,0
982,2024-08-21,21.072,21.44,21.07,21.41,54470630.0,1724270400000,20.395,24.0135,27.351999999999997,28.8136,31.4298,37.57565,34.676050000000004,33.70299,0,0,0,0,0,0,0,0,0,0,0.02559433,0,0,0
980,2024-08-20,21.21,21.23,20.82,20.99,83407251.0,1724184000000,20.237000000000002,24.5905,27.771333333333335,28.9938,31.634,37.6312,34.688625,33.73279,0,0,0,0,0,0,0,0,0,0,-0.13368073,0,0,0
978,2024-08-19,20.885,21.86,20.835,21.52,64944249.0,1724097600000,20.149,25.2095,28.139,29.1896,31.849800000000002,37.6904,34.703125,33.770230000000005,0,0,0,0,0,0,0,0,0,0,-0.29472784,0,0,0
976,2024-08-16,20.53,20.895,20.4101,20.87,47323052.0,1723838400000,20.145,25.7825,28.462666666666667,29.3598,32.0588,37.75575,34.716625,33.807550000000006,0,0,0,0,0,0,0,0,0,0,-0.53785808,0,0,0
974,2024-08-15,20.32,21.06,20.23,20.69,82321620.0,1723752000000,20.963,26.482499999999998,28.802666666666667,29.5482,32.2721,37.82065,34.732325,33.84373,0,0,0,0,0,0,0,0,0,0,-0.77201098,0,0,0
972,2024-08-14,20.485,20.5,19.785,19.92,56514418.0,1723665600000,21.968,27.171,29.141000000000002,29.7514,32.4857,37.891799999999996,34.75125,33.880669999999995,0,0,0,0,0,0,0,0,0,0,-1.03231952,0,0,0
970,2024-08-12,19.87,19.97,19,19.36,54094506.0,1723492800000,22.988999999999997,27.892000000000003,29.509333333333334,29.956799999999998,32.7136,37.970549999999996,34.773275,33.919230000000006,0,0,0,0,0,0,0,0,0,0,-1.25182729,0,0,0
968,2024-08-09,20.08,20.15,19.5,19.71,75223872.0,1723233600000,24.136,28.647,29.883666666666667,30.172199999999997,32.9464,38.051950000000005,34.7966,33.96173,0,0,0,0,0,0,0,0,0,0,-1.39759763,0,0,0
966,2024-08-08,19.1,20.55,18.84,20.49,94991818.0,1723147200000,25.3,29.386000000000003,30.244666666666667,30.3924,33.1768,38.1337,34.817925,34.00343,0,0,0,0,0,0,0,0,0,0,-1.52992173,0,0,0
964,2024-08-07,19.92,20.25,18.95,18.99,96442343.0,1723060800000,26.361,30.0365,30.586333333333336,30.5842,33.4042,38.21405,34.8378,34.04289,0,0,0,0,0,0,0,0,0,0,-1.6735102,0,0,0
962,2024-08-06,20.32,20.63,19.75,19.83,106120072.0,1722974400000,27.631999999999998,30.8305,30.97233333333333,30.832800000000002,33.6667,38.29895,34.861149999999995,34.08233,0,0,0,0,0,0,0,0,0,0,-1.60119048,0,0,0
960,2024-08-05,20.2,20.385,19.2934,20.11,146570937.0,1722888000000,28.944,31.5385,31.347666666666665,31.070999999999998,33.917,38.384,34.883075,34.119910000000004,0,0,0,0,0,0,0,0,0,0,-1.43080414,0,0,0
958,2024-08-02,21.94,21.98,20.42,21.48,300503098.0,1722628800000,30.27,32.134,31.698,31.3108,34.1559,38.46785,34.905725000000004,34.15511,0,0,0,0,0,0,0,0,0,0,-1.07403871,0,0,0
956,2024-08-01,30.43,30.71,28.89,29.05,106780831.0,1722542400000,31.419999999999998,32.6215,32.003,31.5178,34.4026,38.5426,34.92555,34.18657,0,0,0,0,0,0,0,0,0,0,-0.55476721,0,0,0
954,2024-07-31,30.54,30.87,30.28,30.74,54788142.0,1722456000000,32.001999999999995,32.722500000000004,32.06733333333333,31.577399999999997,34.557199999999995,38.57765,34.9275,34.20289,0,0,0,0,0,0,0,0,0,0,-0.46534725,0,0,0
952,2024-07-30,30.845,30.91,30.005,30.13,46583694.0,1722369600000,32.374,32.7275,32.05766666666667,31.588,34.6814,38.6049,34.925825,34.21581,0,0,0,0,0,0,0,0,0,0,-0.47843077,0,0,0
950,2024-07-29,31.42,31.47,30.79,30.83,31526507.0,1722283200000,32.795,32.7695,32.068666666666665,31.606399999999997,34.8362,38.6337,34.92275,34.23153,0,0,0,0,0,0,0,0,0,0,-0.41543618,0,0,0
948,2024-07-26,31.43,31.56,31.02,31.35,35728217.0,1722024000000,33.158,32.7575,32.06633333333333,31.6,34.966100000000004,38.6592,34.9174875,34.24615,0,0,0,0,0,0,0,0,0,0,-0.35737606,0,0,0
946,2024-07-25,31.372,31.985,30.95,31.1,49210827.0,1721937600000,33.472,32.717,32.052,31.57,35.0831,38.6809,34.912462500000004,34.25743,0,0,0,0,0,0,0,0,0,0,-0.30108948,0,0,0
944,2024-07-24,32.535,32.8,31.66,31.7,56711768.0,1721851200000,33.712,32.699,32.04566666666667,31.5498,35.192,38.7027,34.9088875,34.26861,0,0,0,0,0,0,0,0,0,0,-0.17130529,0,0,0
942,2024-07-23,32.96,33.23,32.83,32.95,28576299.0,1721764800000,34.029,32.6425,32.013666666666666,31.5158,35.3023,38.72195,34.9041875,34.27789,0,0,0,0,0,0,0,0,0,0,-0.02740676,0,0,0
940,2024-07-22,33.28,33.41,32.76,33.37,44227332.0,1721678400000,34.132999999999996,32.5495,31.929333333333332,31.470399999999998,35.4027,38.7331,34.8941625,34.286809999999996,0,0,0,0,0,0,0,0,0,0,0.0641214,0,0,0
938,2024-07-19,34.565,34.58,32.85,32.98,68886542.0,1721419200000,33.998000000000005,32.412,31.843,31.422399999999996,35.4989,38.7393,34.8854125,34.294650000000004,0,0,0,0,0,0,0,0,0,0,0.15160301,0,0,0
936,2024-07-18,34.96,36.3,34.53,34.87,82044264.0,1721332800000,33.823,32.2945,31.744666666666667,31.3808,35.5989,38.74355,34.8776875,34.30425,0,0,0,0,0,0,0,0,0,0,0.30827339,0,0,0
934,2024-07-17,36.08,37.16,34.4,34.46,108509206.0,1721246400000,33.443,32.1,31.592,31.2936,35.6849,38.74065,34.864337500000005,34.311769999999996,0,0,0,0,0,0,0,0,0,0,0.33182988,0,0,0
933,2024-07-16,34.36,34.45,33.835,34.34,28060122.0,1721160000000,33.081,31.8995,31.471666666666668,31.211799999999997,35.7855,38.73925,34.8549625,34.32007,0,0,0,0,0,0,0,0,0,0,0.37047435,0,0,0
930,2024-07-15,34.7,35.225,34.31,34.46,39530936.0,1721073600000,32.744,31.7055,31.333333333333332,31.1344,35.877199999999995,38.7408,34.8449875,34.326209999999996,0,0,0,0,0,0,0,0,0,0,0.40881969,0,0,0
927,2024-07-12,33.77,35.475,33.77,34.49,61575786.0,1720814400000,32.357,31.5205,31.189,31.0724,35.9731,38.74195,34.8349125,34.33205,0,0,0,0,0,0,0,0,0,0,0.41963716,0,0,0
925,2024-07-11,35.031,35.15,33.31,33.5,54094568.0,1720728000000,31.962,31.342000000000002,31.063333333333333,31.0202,36.070100000000004,38.7512,34.8230875,34.33853,0,0,0,0,0,0,0,0,0,0,0.3947899,0,0,0
923,2024-07-10,34.44,34.97,34.13,34.87,51627549.0,1720641600000,31.686,31.2125,30.949333333333335,31.0524,36.1667,38.773649999999996,34.8081375,34.34547,0,0,0,0,0,0,0,0,0,0,0.41857962,0,0,0
921,2024-07-08,33.03,34.09,32.82,33.99,77003711.0,1720468800000,31.256,31.006,30.834333333333333,31.045,36.2583,38.7887,34.792162499999996,34.350410000000004,0,0,0,0,0,0,0,0,0,0,0.28018142,0,0,0
919,2024-07-05,31.4,32.34,31.3114,32.02,42877006.0,1720209600000,30.966,30.827499999999997,30.759333333333334,31.0508,36.3515,38.8121,34.7782125,34.359730000000006,0,0,0,0,0,0,0,0,0,0,0.12349898,0,0,0
916,2024-07-03,31.12,31.34,30.91,31.23,23839615.0,1720036800000,30.826,30.765499999999996,30.762,31.0986,36.4563,38.845549999999996,34.7686625,34.371550000000006,0,0,0,0,0,0,0,0,0,0,0.06366909,0,0,0
914,2024-07-02,30.855,31.31,30.585,31.07,31277370.0,1719950400000,30.766,30.7055,30.782,31.158,36.571799999999996,38.8837,34.7590625,34.384629999999994,0,0,0,0,0,0,0,0,0,0,0.04414732,0,0,0
912,2024-07-01,30.91,31.02,30.61,30.84,31503162.0,1719864000000,30.756999999999998,30.666500000000003,30.814,31.237399999999997,36.6885,38.9213,34.7499375,34.40085,0,0,0,0,0,0,0,0,0,0,0.02867944,0,0,0
910,2024-06-28,30.75,31.31,30.72,30.97,40414441.0,1719604800000,30.718,30.667,30.828333333333333,31.3342,36.8078,38.95715,34.7435875,34.41919,0,0,0,0,0,0,0,0,0,0,0.029026,0,0,0
908,2024-06-27,30.42,30.6582,30.285,30.59,28620373.0,1719518400000,30.667,30.628000000000004,30.831,31.44,36.924099999999996,38.9932,34.7372375,34.43971,0,0,0,0,0,0,0,0,0,0,0.02109546,0,0,0
906,2024-06-26,30.64,30.68,30.2731,30.54,29984527.0,1719432000000,30.683999999999997,30.605,30.828333333333333,31.5544,37.0518,39.02515,34.7334375,34.46559,0,0,0,0,0,0,0,0,0,0,0.03810101,0,0,0
905,2024-06-25,30.7,30.83,30.2901,30.74,26994340.0,1719345600000,30.722,30.613999999999997,30.805333333333333,31.6574,37.1772,39.056,34.7227625,34.49119,0,0,0,0,0,0,0,0,0,0,0.06487997,0,0,0
903,2024-06-24,31.14,31.42,30.53,30.57,35319814.0,1719259200000,30.738999999999997,30.581,30.783666666666665,31.7952,37.299,39.08535,34.7139375,34.51649,0,0,0,0,0,0,0,0,0,0,0.0750913,0,0,0
900,2024-06-21,30.85,31.36,30.6701,31.09,85831470.0,1719000000000,30.756,30.6235,30.764666666666667,31.9278,37.4317,39.108200000000004,34.7060375,34.54503,0,0,0,0,0,0,0,0,0,0,0.09914627,0,0,0
898,2024-06-20,30.555,31.11,30.45,30.62,42256380.0,1718913600000,30.689,30.656,30.750999999999998,32.0726,37.5573,39.1254,34.696262499999996,34.57107,0,0,0,0,0,0,0,0,0,0,0.08364429,0,0,0
896,2024-06-18,30.99,31.47,30.5,30.63,32714319.0,1718740800000,30.705000000000002,30.73,30.762666666666668,32.2198,37.7466,39.14385,34.6871375,34.59867,0,0,0,0,0,0,0,0,0,0,0.09773819,0,0,0
894,2024-06-17,30.34,31,30.18,30.98,31915165.0,1718654400000,30.645,30.79,30.771666666666665,32.3814,37.9312,39.1588,34.6757625,34.62651,0,0,0,0,0,0,0,0,0,0,0.12190326,0,0,0
892,2024-06-14,30.285,30.56,30.21,30.45,26909689.0,1718395200000,30.576,30.8425,30.756000000000004,32.5564,38.1103,39.17015,34.6633125,34.65151,0,0,0,0,0,0,0,0,0,0,0.11669694,0,0,0
890,2024-06-13,30.38,30.58,30.14,30.46,31432552.0,1718308800000,30.616000000000003,30.883499999999998,30.753333333333334,32.754,38.288000000000004,39.18085,34.6518625,34.67501,0,0,0,0,0,0,0,0,0,0,0.15182681,0,0,0
888,2024-06-12,31.455,31.48,30.3899,30.76,46401419.0,1718222400000,30.589,30.913,30.753666666666668,33.0236,38.4649,39.19845,34.6417625,34.69743,0,0,0,0,0,0,0,0,0,0,0.20082993,0,0,0
886,2024-06-11,30.77,31.03,30.53,30.92,24197191.0,1718136000000,30.526,30.9005,30.773666666666667,33.2988,38.6247,39.2091,34.6296375,34.719910000000006,0,0,0,0,0,0,0,0,0,0,0.23112636,0,0,0
884,2024-06-10,30.55,30.95,30.285,30.91,35654099.0,1718049600000,30.506,30.847,30.805666666666664,33.5638,38.7761,39.2202,34.6183875,34.74137,0,0,0,0,0,0,0,0,0,0,0.24185239,0,0,0
882,2024-06-07,30.25,30.78,30.205,30.74,31909925.0,1717790400000,30.423000000000002,30.806,30.945666666666668,33.821,38.9376,39.2294,34.604437499999996,34.76357,0,0,0,0,0,0,0,0,0,0,0.23957874,0,0,0
880,2024-06-06,30.552,30.59,30.16,30.42,33601815.0,1717704000000,30.491000000000003,30.769,31.071,34.046,39.1014,39.2386,34.5901875,34.78679,0,0,0,0,0,0,0,0,0,0,0.23872068,0,0,0
878,2024-06-05,30.269,30.835,30.01,30.78,43719364.0,1717617600000,30.623,30.782,31.199666666666666,34.2742,39.2736,39.25415,34.5771375,34.81475,0,0,0,0,0,0,0,0,0,0,0.25532373,0,0,0
876,2024-06-04,30.75,30.75,29.94,30.03,50002758.0,1717531200000,30.755000000000003,30.791500000000003,31.320666666666668,34.51,39.4405,39.2741,34.5644875,34.839349999999996,0,0,0,0,0,0,0,0,0,0,0.23700102,0,0,0
873,2024-06-03,31.03,31.065,30.05,30.29,34964612.0,1717444800000,30.935000000000002,30.835,31.459666666666667,34.7578,39.6207,39.302350000000004,34.557362499999996,34.86649,0,0,0,0,0,0,0,0,0,0,0.28832242,0,0,0
871,2024-05-31,30.22,30.96,29.94,30.85,91332470.0,1717185600000,31.109,30.845999999999997,31.618,34.996,39.8023,39.32535,34.5507375,34.891589999999994,0,0,0,0,0,0,0,0,0,0,0.33422191,0,0,0
869,2024-05-30,30.21,30.5,30.06,30.19,32491499.0,1717099200000,31.151,30.822000000000003,31.779,35.22,39.9627,39.3445,34.5428625,34.91555,0,0,0,0,0,0,0,0,0,0,0.33355932,0,0,0
868,2024-05-29,30.465,30.67,30.105,30.13,34398729.0,1717012800000,31.237000000000002,30.836000000000002,31.981333333333332,35.4704,40.1295,39.36495,34.5348125,34.94319,0,0,0,0,0,0,0,0,0,0,0.38619518,0,0,0
867,2024-05-24,30.29,31.02,30.1301,30.72,40744597.0,1716580800000,31.275,30.8975,32.187333333333335,35.7206,40.2987,39.3894,34.5239125,34.96907,0,0,0,0,0,0,0,0,0,0,0.45508294,0,0,0
866,2024-05-23,31.445,31.57,29.87,30.08,57992678.0,1716494400000,31.188,30.9555,32.353,35.9612,40.4695,39.411950000000004,34.513062500000004,34.996230000000004,0,0,0,0,0,0,0,0,0,0,0.4902375,0,0,0
865,2024-05-22,31.91,32.066,31.095,31.42,34870891.0,1716408000000,31.189,31.207,32.60466666666667,36.2242,40.6712,39.435900000000004,34.5056875,35.02527,0,0,0,0,0,0,0,0,0,0,0.60409466,0,0,0
864,2024-05-21,31.98,32.24,31.62,31.74,42741159.0,1716321600000,31.047000000000004,31.361,32.797333333333334,36.5006,40.861999999999995,39.45075,34.4943625,35.055510000000005,0,0,0,0,0,0,0,0,0,0,0.63278575,0,0,0
863,2024-05-20,31.85,32.42,31.76,32.1,30575192.0,1716235200000,30.941000000000003,31.488,33.017,36.763000000000005,41.0246,39.47105,34.4824375,35.08215,0,0,0,0,0,0,0,0,0,0,0.62930158,0,0,0
862,2024-05-17,32.06,32.11,31.59,31.83,41065762.0,1715976000000,30.827999999999996,31.603499999999997,33.213,37.001,41.1744,39.4894,34.4709875,35.107870000000005,0,0,0,0,0,0,0,0,0,0,0.59040918,0,0,0
860,2024-05-16,31.63,32.26,31.52,32.03,47289544.0,1715889600000,30.735000000000003,31.722,33.44233333333333,37.2874,41.3137,39.5144,34.4615875,35.131389999999996,0,0,0,0,0,0,0,0,0,0,0.54207878,0,0,0
859,2024-05-15,31.38,31.4,30.81,31.27,36132899.0,1715803200000,30.583,31.872500000000002,33.699,37.537,41.46,39.527,34.4526875,35.161010000000005,0,0,0,0,0,0,0,0,0,0,0.43619781,0,0,0
858,2024-05-14,30.62,31.11,30.61,31.05,47427477.0,1715716800000,30.493000000000002,32.093,34.001,37.7748,41.6042,39.54245,34.446912499999996,35.18891000000001,0,0,0,0,0,0,0,0,0,0,0.34700493,0,0,0
857,2024-05-13,30.03,31.13,30,30.51,46062645.0,1715630400000,30.435000000000002,32.353500000000004,34.43066666666667,38.066,41.7553,39.5577,34.442887500000005,35.21785,0,0,0,0,0,0,0,0,0,0,0.23971894,0,0,0
853,2024-05-10,30.33,30.455,29.84,29.85,39461855.0,1715371200000,30.52,32.6435,34.897666666666666,38.3322,41.902,39.573299999999996,34.4397125,35.250949999999996,0,0,0,0,0,0,0,0,0,0,0.15840413,0,0,0
850,2024-05-09,29.93,30.385,29.805,30.09,43584621.0,1715284800000,30.723000000000003,32.935500000000005,35.375,38.596199999999996,42.0492,39.59415,34.4371875,35.284330000000004,0,0,0,0,0,0,0,0,0,0,0.12296533,0,0,0
847,2024-05-08,30,30.15,29.73,30,60620460.0,1715198400000,31.225,33.3125,35.831,38.8342,42.1887,39.610549999999996,34.4349125,35.31915,0,0,0,0,0,0,0,0,0,0,0.07326199,0,0,0
846,2024-05-07,31.09,31.45,30.61,30.68,42040018.0,1715112000000,31.675,33.6725,36.23066666666667,39.0888,42.3341,39.63285,34.4331375,35.35537,0,0,0,0,0,0,0,0,0,0,0.04695303,0,0,0
845,2024-05-06,31.115,31.2,30.73,30.97,35772123.0,1715025600000,32.035000000000004,34.055,36.602333333333334,39.335,42.4543,39.65195,34.4353375,35.38987,0,0,0,0,0,0,0,0,0,0,-0.03695721,0,0,0
844,2024-05-03,30.98,31.055,30.7,30.9,36090042.0,1714766400000,32.379,34.4055,36.989000000000004,39.5754,42.5661,39.66895,34.4365625,35.42121,0,0,0,0,0,0,0,0,0,0,-0.1437969,0,0,0
843,2024-05-02,30.59,30.67,30.19,30.51,49024621.0,1714680000000,32.709,34.796,37.373000000000005,39.817,42.669799999999995,39.6802,34.4361875,35.45075,0,0,0,0,0,0,0,0,0,0,-0.24164838,0,0,0
841,2024-05-01,30.17,31.035,30.02,30.37,57748774.0,1714593600000,33.162,35.257,37.76266666666667,40.0762,42.7839,39.696999999999996,34.4365375,35.48375,0,0,0,0,0,0,0,0,0,0,-0.29657619,0,0,0
840,2024-04-30,31.04,31.175,30.42,30.47,70336059.0,1714507200000,33.693,35.755,38.152,40.3592,42.9037,39.71505,34.4365125,35.51601,0,0,0,0,0,0,0,0,0,0,-0.30933814,0,0,0
839,2024-04-29,31.86,31.91,31.07,31.36,58422629.0,1714420800000,0,0,0,0,0,0,0,0,0,0,0,0,0,0,0,0,0,0,-0.27063618,0,0,0
837,2024-04-26,31.78,32.24,30.64,31.88,119693039.0,1714161600000,34.767,37.0865,38.936,40.8738,43.169799999999995,39.7361,34.439387499999995,35.57953,0,0,0,0,0,0,0,0,0,0,-0.22453942,0,0,0
836,2024-04-25,34.56,35.295,34.5,35.11,66132558.0,1714075200000,35.148,37.701,39.29833333333333,41.12,43.300399999999996,39.735949999999995,34.4394875,35.61089,0,0,0,0,0,0,0,0,0,0,-0.1415314,0,0,0
835,2024-04-24,34.86,35.18,34.34,34.5,50381975.0,1713988800000,35.4,38.134,39.568999999999996,41.281000000000006,43.3916,39.72025,34.432362499999996,35.63575,0,0,0,0,0,0,0,0,0,0,-0.26849202,0,0,0
834,2024-04-23,34.335,34.6,34.18,34.28,41500179.0,1713902400000,35.67,38.5085,39.927,41.471599999999995,43.4874,39.710300000000004,34.4284625,35.66301,0,0,0,0,0,0,0,0,0,0,-0.35196726,0,0,0
833,2024-04-22,34.415,34.57,34.075,34.41,36737913.0,1713816000000,0,0,0,0,0,0,0,0,0,0,0,0,0,0,0,0,0,0,-0.40337471,0,0,0
832,2024-04-19,35.13,35.13,34.18,34.2,58265866.0,1713556800000,36.432,39.294,40.599333333333334,41.81399999999999,43.6768,39.70215,34.4273625,35.72025,0,0,0,0,0,0,0,0,0,0,-0.44162226,0,0,0
831,2024-04-18,35.42,35.66,34.77,35.04,41881109.0,1713470400000,36.882999999999996,39.705,40.99766666666667,41.985600000000005,43.7712,39.6957,34.4265125,35.75097,0,0,0,0,0,0,0,0,0,0,-0.43760936,0,0,0
829,2024-04-17,36.1,36.1297,35.37,35.68,40351193.0,1713384000000,37.352,40.063,41.31333333333334,42.1396,43.868199999999995,39.68835,34.423787499999996,35.78375,0,0,0,0,0,0,0,0,0,0,-0.45807698,0,0,0
828,2024-04-16,36.27,36.51,35.764,36.26,30177343.0,1713297600000,37.817,40.3815,41.56266666666667,42.281400000000005,43.9495,39.68045,34.4191875,35.81689,0,0,0,0,0,0,0,0,0,0,-0.50463028,0,0,0
827,2024-04-15,36.04,36.7,35.89,36.31,45720502.0,1713211200000,38.585,40.704,41.87433333333333,42.408199999999994,44.0204,39.66585,34.4169875,35.84739,0,0,0,0,0,0,0,0,0,0,-0.56602998,0,0,0
826,2024-04-12,36.69,36.7,35.605,35.69,80254789.0,1712952000000,39.406,41.0205,42.12466666666667,42.5492,44.0634,39.6493,34.416712499999996,35.87843,0,0,0,0,0,0,0,0,0,0,-0.61412636,0,0,0
824,2024-04-11,37.43,37.67,37.08,37.63,41909086.0,1712865600000,40.254000000000005,41.3735,42.37,42.696999999999996,44.10060000000001,39.6344,34.416937499999996,35.91029,0,0,0,0,0,0,0,0,0,0,-0.56103263,0,0,0
822,2024-04-10,38.02,38.2211,37.02,37.2,51108380.0,1712779200000,40.868,41.6535,42.51533333333334,42.8028,44.1066,39.610749999999996,34.4133375,35.93157,0,0,0,0,0,0,0,0,0,0,-0.60748058,0,0,0
821,2024-04-09,38.05,38.58,37.325,38.33,78782981.0,1712692800000,0,0,0,0,0,0,0,0,0,0,0,0,0,0,0,0,0,0,-0.57822227,0,0,0
820,2024-04-08,38.64,38.86,37.91,37.98,56894344.0,1712606400000,41.697,42.382,42.855000000000004,43.042,44.1179,39.58995,34.4056375,35.97207,0,0,0,0,0,0,0,0,0,0,-0.55820086,0,0,0
819,2024-04-05,39.35,39.46,38.51,38.71,67155035.0,1712347200000,42.156,42.683,43.022000000000006,43.2734,44.11729999999999,39.57915,34.3996625,35.99101,0,0,0,0,0,0,0,0,0,0,-0.44680683,0,0,0
818,2024-04-04,40.59,40.7798,39.7,39.73,57283793.0,1712260800000,42.527,43.055,43.16433333333334,43.481,44.1179,39.5635,34.3913125,36.007870000000004,0,0,0,0,0,0,0,0,0,0,-0.28789348,0,0,0
817,2024-04-03,41.4,41.65,40.22,40.33,83717226.0,1712174400000,42.774,43.294,43.289,43.6642,44.100100000000005,39.5344,34.3782875,36.02167,0,0,0,0,0,0,0,0,0,0,-0.11061213,0,0,0
816,2024-04-02,43.925,44.08,43.5,43.94,32748360.0,1712088000000,42.946000000000005,43.435500000000005,43.428666666666665,43.821999999999996,44.078199999999995,39.4981,34.3659125,36.030629999999995,0,0,0,0,0,0,0,0,0,0,0.11512392,0,0,0
815,2024-04-01,44.29,45.41,44.18,44.52,31712593.0,1712001600000,42.823,43.519,43.41433333333334,43.9062,44.0158,39.435100000000006,34.3445375,36.03155,0,0,0,0,0,0,0,0,0,0,0.11074561,0,0,0
813,2024-03-28,43.76,44.6,43.71,44.17,54204194.0,1711656000000,42.635000000000005,43.483999999999995,43.39866666666667,43.9506,43.9435,39.3716,34.3223875,36.034169999999996,0,0,0,0,0,0,0,0,0,0,0.02614329,0,0,0
812,2024-03-27,42.54,43.83,42.5,43.77,51017828.0,1711569600000,42.493,43.428,43.39933333333333,43.9884,43.866800000000005,39.30715,34.3032625,36.03915,0,0,0,0,0,0,0,0,0,0,-0.08649492,0,0,0
811,2024-03-26,41.95,42.265,41.655,41.99,39109651.0,1711483200000,42.439,43.339,43.379,44.0542,43.786,39.2431,34.2838625,36.046870000000006,0,0,0,0,0,0,0,0,0,0,-0.15667906,0,0,0
809,2024-03-25,40.89,42.215,40.57,41.83,47276531.0,1711396800000,42.763999999999996,43.376,43.447,44.156800000000004,43.7215,39.17815,34.2712875,36.05789,0,0,0,0,0,0,0,0,0,0,-0.16662476,0,0,0
807,2024-03-22,42.25,42.8,42.09,42.57,28503057.0,1711137600000,43.067,43.434,43.49633333333333,44.273,43.6284,39.106,34.2574875,36.06959,0,0,0,0,0,0,0,0,0,0,-0.1284461,0,0,0
806,2024-03-21,42.99,43.6,42.32,42.42,50807592.0,1711051200000,43.21,43.455,43.494,44.371,43.531000000000006,39.03815,34.2503375,36.080589999999994,0,0,0,0,0,0,0,0,0,0,-0.14842979,0,0,0
804,2024-03-20,42.99,43.01,41.41,42.2,74864992.0,1710964800000,43.583,43.483,43.506,44.483599999999996,43.45270000000001,38.973600000000005,34.2447375,36.09161,0,0,0,0,0,0,0,0,0,0,-0.15126888,0,0,0
802,2024-03-19,42.25,42.29,41.44,42.05,34672950.0,1710878400000,43.814,43.546499999999995,43.524,44.608599999999996,43.3692,38.914,34.2366375,36.104949999999995,0,0,0,0,0,0,0,0,0,0,-0.12800588,0,0,0
800,2024-03-18,43.09,43.38,42.595,42.71,27826126.0,1710792000000,43.925,43.67,43.548,44.7054,43.2979,38.8534,34.229412499999995,36.114489999999996,0,0,0,0,0,0,0,0,0,0,-0.06313563,0,0,0
798,2024-03-15,42.45,43.15,42.35,42.64,66921857.0,1710532800000,44.214999999999996,43.71,43.544333333333334,44.788599999999995,43.2275,38.78825,34.220637499999995,36.12447,0,0,0,0,0,0,0,0,0,0,-0.01473148,0,0,0
797,2024-03-14,43.23,43.35,42.51,42.75,38100016.0,1710446400000,44.333,43.7805,43.568333333333335,44.8768,43.1575,38.7194,34.215562500000004,36.13461,0,0,0,0,0,0,0,0,0,0,0.07467398,0,0,0
796,2024-03-13,44.51,44.98,43.2,43.23,53195932.0,1710360000000,44.363,43.8525,43.57933333333333,44.977799999999995,43.0906,38.65175,34.2100875,36.14255,0,0,0,0,0,0,0,0,0,0,0.21383932,0,0,0
795,2024-03-12,45.06,45.265,44.46,45.24,31795832.0,1710273600000,44.239,43.849000000000004,43.568999999999996,45.118199999999995,43.023900000000005,38.580349999999996,34.2025625,36.14539,0,0,0,0,0,0,0,0,0,0,0.36247281,0,0,0
794,2024-03-11,43.87,44.93,43.66,44.86,35034186.0,1710187200000,43.988,43.7885,43.522333333333336,45.2234,42.9312,38.49845,34.186237500000004,36.14429,0,0,0,0,0,0,0,0,0,0,0.37313446,0,0,0
793,2024-03-08,46.44,46.6277,44,44,54916599.0,1709931600000,43.801,43.711,43.482,45.2862,42.851000000000006,38.42465,34.1706375,36.14465,0,0,0,0,0,0,0,0,0,0,0.39520258,0,0,0
792,2024-03-07,45.55,46.4199,45.18,46.15,50378153.0,1709845200000,43.7,43.636,43.667,45.3478,42.779799999999994,38.3585,34.1549125,36.15179,0,0,0,0,0,0,0,0,0,0,0.47639938,0,0,0
791,2024-03-06,43.93,45.505,43.555,44.51,52441145.0,1709758800000,43.382999999999996,43.4675,43.765,45.34,42.6826,38.28395,34.1325625,36.15595,0,0,0,0,0,0,0,0,0,0,0.36291742,0,0,0
790,2024-03-05,44.56,44.8675,42.69,43.16,56655135.0,1709672400000,43.278999999999996,43.379000000000005,43.910999999999994,45.383,42.5981,38.21465,34.114312500000004,36.16381,0,0,0,0,0,0,0,0,0,0,0.32657226,0,0,0
789,2024-03-04,44.27,46.61,43.85,45.61,59990811.0,1709586000000,43.415,43.359500000000004,44.07966666666667,45.4336,42.528400000000005,38.1477,34.0994125,36.172650000000004,0,0,0,0,0,0,0,0,0,0,0.38917022,0,0,0
788,2024-03-01,43.41,44.2698,43.13,43.82,41426072.0,1709326800000,43.205,43.208999999999996,44.16433333333334,45.4446,42.4312,38.071149999999996,34.0803625,36.17669,0,0,0,0,0,0,0,0,0,0,0.23385354,0,0,0
787,2024-02-29,42.37,43.15,42.3551,43.05,48875120.0,1709240400000,43.227999999999994,43.186,44.26166666666666,45.4718,42.35229999999999,38.00735,34.0661625,36.186769999999996,0,0,0,0,0,0,0,0,0,0,0.16331153,0,0,0
786,2024-02-28,42.44,42.45,41.91,41.99,26928470.0,1709154000000,43.342,43.1875,44.361999999999995,45.5022,42.2787,37.9414,34.0510125,36.200489999999995,0,0,0,0,0,0,0,0,0,0,0.11845833,0,0,0
785,2024-02-27,43.25,43.265,42.51,42.73,25126372.0,1709067600000,43.458999999999996,43.233999999999995,44.531,45.5432,42.2134,37.8767,34.0377625,36.21413,0,0,0,0,0,0,0,0,0,0,0.16155899,0,0,0
784,2024-02-26,43.5,43.68,42.82,42.99,27035379.0,1708981200000,43.589,43.2895,44.67733333333333,45.57939999999999,42.1416,37.807449999999996,34.0217875,36.22503,0,0,0,0,0,0,0,0,0,0,0.16552341,0,0,0
783,2024-02-23,43.125,43.51,42.66,42.99,33793714.0,1708722000000,43.620999999999995,43.322500000000005,44.83233333333333,45.5736,42.063500000000005,37.7408,34.0078375,36.23507,0,0,0,0,0,0,0,0,0,0,0.1591995,0,0,0
782,2024-02-22,44.68,44.68,42.53,42.98,62809318.0,1708635600000,43.571999999999996,43.6505,44.98166666666667,45.5568,41.9797,37.677350000000004,33.9935875,36.245650000000005,0,0,0,0,0,0,0,0,0,0,0.15630105,0,0,0
781,2024-02-21,44.48,44.69,43.08,43.47,57714970.0,1708549200000,43.552,43.956,45.150666666666666,45.522600000000004,41.8882,37.61675,33.9805875,36.25871,0,0,0,0,0,0,0,0,0,0,0.1741973,0,0,0
780,2024-02-20,44.26,45.17,43.42,44.52,61514136.0,1708462800000,43.479,44.227,45.31666666666667,45.4916,41.796400000000006,37.55515,33.9684875,36.26967,0,0,0,0,0,0,0,0,0,0,0.15888249,0,0,0
779,2024-02-16,44.03,44.2199,43.12,43.51,29975301.0,1708117200000,43.304,44.412,45.39566666666666,45.4482,41.693000000000005,37.4917,33.9537125,36.27827,0,0,0,0,0,0,0,0,0,0,0.0765279,0,0,0
778,2024-02-15,44.755,45.27,44.02,44.05,44024507.0,1708030800000,43.213,44.644,45.507666666666665,45.452799999999996,41.6044,37.434850000000004,33.9384625,36.28671,0,0,0,0,0,0,0,0,0,0,0.05876574,0,0,0
777,2024-02-14,43.82,44.29,43.39,44.19,36186233.0,1707944400000,43.144,44.7785,45.60766666666667,45.4658,41.510799999999996,37.374050000000004,33.9217875,36.29471,0,0,0,0,0,0,0,0,0,0,-0.00885178,0,0,0
776,2024-02-13,43,43.63,42.76,43.16,36622233.0,1707858000000,43.033,44.872,45.727999999999994,45.4808,41.4323,37.31375,33.9056375,36.30971,0,0,0,0,0,0,0,0,0,0,-0.12749594,0,0,0
775,2024-02-12,43.39,45.04,43.32,44.03,51107349.0,1707771600000,43.009,45.067,45.964333333333336,45.5022,41.3806,37.25805,33.8901625,36.32539,0,0,0,0,0,0,0,0,0,0,-0.18466942,0,0,0
774,2024-02-09,42.55,43.52,42.395,43.31,51192958.0,1707512400000,42.99,45.221500000000006,46.18,45.5032,41.3191,37.19965,33.8734375,36.34121,0,0,0,0,0,0,0,0,0,0,-0.34265544,0,0,0
773,2024-02-08,42.72,42.97,42.33,42.5,33206470.0,1707426000000,43.024,45.438,46.33633333333333,45.5162,41.27270000000001,37.145700000000005,33.8617875,36.35867,0,0,0,0,0,0,0,0,0,0,-0.47916505,0,0,0
772,2024-02-07,42.89,43.095,42.55,42.78,34248246.0,1707339600000,43.729,45.6865,46.489000000000004,45.5396,41.23479999999999,37.09725,33.8503625,36.37775,0,0,0,0,0,0,0,0,0,0,-0.55383326,0,0,0
771,2024-02-06,42.7,42.78,42.14,42.74,34068216.0,1707253200000,44.36,45.95,46.58833333333334,45.5568,41.195600000000006,37.0475,33.8378375,36.39943,0,0,0,0,0,0,0,0,0,0,-0.6452882,0,0,0
770,2024-02-05,42.62,43.15,42.425,42.77,28890264.0,1707166800000,44.975,46.2355,46.719,45.5968,41.1541,36.9993,33.8289375,36.42347,0,0,0,0,0,0,0,0,0,0,-0.71605563,0,0,0
769,2024-02-02,43,43.14,41.6,42.6,53521500.0,1706907600000,45.519999999999996,46.441500000000005,46.81633333333333,45.6176,41.1065,36.9499,33.8220375,36.44933,0,0,0,0,0,0,0,0,0,0,-0.76907446,0,0,0
768,2024-02-01,43.15,43.57,42.485,43.36,38819855.0,1706821200000,46.075,46.655,46.934999999999995,45.632600000000004,41.06229999999999,36.90025,33.8186125,36.47401,0,0,0,0,0,0,0,0,0,0,-0.76934861,0,0,0
767,2024-01-31,42.57,43.785,42.36,43.08,51584247.0,1706734800000,46.413,46.8395,46.995666666666665,45.577600000000004,40.99850000000001,36.8439,33.8190375,36.49876999999999,0,0,0,0,0,0,0,0,0,0,-0.78241169,0,0,0
766,2024-01-30,43.67,43.82,42.89,42.92,47958762.0,1706648400000,46.711,47.0755,47.04533333333333,45.5042,40.9348,36.786100000000005,33.8196875,36.52443,0,0,0,0,0,0,0,0,0,0,-0.72500898,0,0,0
765,2024-01-29,43.71,43.99,42.81,43.84,51790863.0,1706562000000,47.125,47.442,47.08266666666667,45.4104,40.871700000000004,36.71795,33.8208625,36.54901,0,0,0,0,0,0,0,0,0,0,-0.56856502,0,0,0
764,2024-01-26,44.18,45.41,43.35,43.65,127665287.0,1706302800000,47.452999999999996,47.775,47.106,45.3108,40.7847,36.64465,33.8233625,36.56821,0,0,0,0,0,0,0,0,0,0,-0.37632764,0,0,0
763,2024-01-25,50,50.3,48.97,49.55,84845086.0,1706216400000,47.852,47.9925,47.074333333333335,45.1938,40.6935,36.5732,33.8245125,36.58893,0,0,0,0,0,0,0,0,0,0,-0.02452582,0,0,0
762,2024-01-24,49.17,49.77,48.265,49.09,49375834.0,1706130000000,47.644,47.869,46.827666666666666,44.9612,40.5411,36.4706,33.8116875,36.59757,0,0,0,0,0,0,0,0,0,0,-0.06844557,0,0,0
761,2024-01-23,48.12,48.94,47.32,48.89,37214140.0,1706043600000,47.54,47.7025,46.567,44.754799999999996,40.3864,36.3658,33.8003375,36.605669999999996,0,0,0,0,0,0,0,0,0,0,-0.10590047,0,0,0
760,2024-01-22,48.85,49.17,47.64,48.22,45639521.0,1705957200000,47.495999999999995,47.590999999999994,46.334666666666664,44.536,40.23,36.26365,33.7868125,36.614309999999996,0,0,0,0,0,0,0,0,0,0,-0.18376672,0,0,0
759,2024-01-19,47,48.76,46.44,48.15,55979796.0,1705698000000,47.363,47.4645,46.139,44.334399999999995,40.0737,36.168350000000004,33.7717625,36.620870000000004,0,0,0,0,0,0,0,0,0,0,-0.2498231,0,0,0
757,2024-01-18,47.03,47.57,46.17,46.74,46681348.0,1705611600000,47.235,47.364999999999995,45.992,44.1254,39.931999999999995,36.07665,33.7555625,36.62805,0,0,0,0,0,0,0,0,0,0,-0.35238978,0,0,0
755,2024-01-17,46.4151,46.4151,45.65,46.06,33463015.0,1705525200000,47.266,47.287,45.924,43.936400000000006,39.7935,35.985,33.7437125,36.63823,0,0,0,0,0,0,0,0,0,0,-0.34723466,0,0,0
754,2024-01-16,46.98,47.22,46.38,47.06,43720666.0,1705438800000,47.44,47.2125,45.88666666666666,43.745200000000004,39.6643,35.89475,33.732687500000004,36.649629999999995,0,0,0,0,0,0,0,0,0,0,-0.26702912,0,0,0
753,2024-01-12,47.6,47.67,46.61,47.12,27587902.0,1705093200000,47.759,47.0615,45.79233333333333,43.517799999999994,39.5212,35.794200000000004,33.7200625,36.65939,0,0,0,0,0,0,0,0,0,0,-0.2308381,0,0,0
752,2024-01-11,47.44,47.84,46.73,47.64,31707881.0,1705006800000,48.096999999999994,46.9325,45.691,43.2862,39.3758,35.6947,33.7081375,36.66777,0,0,0,0,0,0,0,0,0,0,-0.17999402,0,0,0
751,2024-01-10,48.24,48.3,46.94,47.47,31480186.0,1704920400000,48.132999999999996,46.685500000000005,45.568333333333335,42.9838,39.2347,35.588699999999996,33.7000375,36.67443,0,0,0,0,0,0,0,0,0,0,-0.15859581,0,0,0
750,2024-01-09,48.01,48.56,47.795,48.05,30097005.0,1704834000000,48.094,46.4195,45.44166666666667,42.691,39.1077,35.48125,33.6890625,36.68103,0,0,0,0,0,0,0,0,0,0,-0.10883592,0,0,0
749,2024-01-08,47.07,48.76,46.97,48.45,42135127.0,1704747600000,47.864999999999995,46.0805,45.294666666666664,42.421800000000005,38.984,35.368649999999995,33.6779375,36.684129999999996,0,0,0,0,0,0,0,0,0,0,-0.0954114,0,0,0
748,2024-01-05,47.03,47.83,46.635,46.89,34344031.0,1704488400000,47.686,45.754,45.171,42.129799999999996,38.8484,35.256350000000005,33.6639125,36.68847,0,0,0,0,0,0,0,0,0,0,-0.13700001,0,0,0
747,2024-01-04,45.715,47.16,45.24,46.87,47797812.0,1704402000000,47.565999999999995,45.527,45.068333333333335,41.8904,38.7263,35.1539,33.6537625,36.696349999999995,0,0,0,0,0,0,0,0,0,0,-0.05786783,0,0,0
746,2024-01-03,47.1,47.81,46.8,47.05,35858434.0,1704315600000,47.495,45.3705,44.951,41.6664,38.6004,35.05055,33.6466125,36.70395,0,0,0,0,0,0,0,0,0,0,0.05338116,0,0,0
745,2024-01-02,49.2,49.38,47.4527,47.8,45905728.0,1704229200000,47.308,45.253,44.73633333333333,41.438199999999995,38.4801,34.94195,33.6366625,36.70925,0,0,0,0,0,0,0,0,0,0,0.19717097,0,0,0
744,2023-12-29,50.3,50.5699,49.77,50.25,29288707.0,1703883600000,46.985,45.11,44.45666666666667,41.2034,38.3544,34.827600000000004,33.6279125,36.71365,0,0,0,0,0,0,0,0,0,0,0.31097162,0,0,0
743,2023-12-26,48.92,50.515,48.71,50.5,60287408.0,1703624400000,0,0,0,0,0,0,0,0,0,0,0,0,0,0,0,0,0,0,0.21582313,0,0,0
742,2023-12-22,47.25,48.1557,47.2,48,30078727.0,1703278800000,0,0,0,0,0,0,0,0,0,0,0,0,0,0,0,0,0,0,0.02069852,0,0,0
741,2023-12-21,46.48,47.12,46.02,47.08,28320463.0,1703192400000,45.238,44.286,43.327999999999996,40.4158,37.9175,34.4621,33.5965375,36.72179,0,0,0,0,0,0,0,0,0,0,-0.05947888,0,0,0
740,2023-12-20,46.64,46.95,45.7,45.76,38159137.0,1703106000000,44.745,44.1155,43.022666666666666,40.2118,37.8044,34.35405,33.591237500000005,36.732769999999995,0,0,0,0,0,0,0,0,0,0,-0.10979698,0,0,0
739,2023-12-19,45.6,46.68,45.51,46.66,35358771.0,1703019600000,44.296,44.0095,42.78966666666667,40.0252,37.7151,34.25555,33.5858125,36.743230000000004,0,0,0,0,0,0,0,0,0,0,-0.07035974,0,0,0
738,2023-12-18,46.15,46.23,45.4,45.69,27895652.0,1702933200000,43.822,43.9135,42.49933333333333,39.8132,37.594,34.1603,33.5862625,36.74841000000001,0,0,0,0,0,0,0,0,0,0,-0.12541634,0,0,0
737,2023-12-15,45.94,47.27,45.67,46.16,84583405.0,1702674000000,43.488,43.8195,42.24766666666667,39.623200000000004,37.4807,34.072849999999995,33.5850875,36.756029999999996,0,0,0,0,0,0,0,0,0,0,-0.13819382,0,0,0
736,2023-12-14,45.01,47.07,44.65,45.18,70620765.0,1702587600000,43.246,43.679,41.96566666666667,39.4178,37.3601,33.9863,33.583487500000004,36.76091,0,0,0,0,0,0,0,0,0,0,-0.22861458,0,0,0
735,2023-12-13,44.08,44.72,43.33,44.57,35216050.0,1702501200000,43.198,43.4505,41.702666666666666,39.232800000000005,37.2446,33.903600000000004,33.5881875,36.76895,0,0,0,0,0,0,0,0,0,0,-0.28586049,0,0,0
734,2023-12-12,44.36,44.44,43.63,44.04,29937163.0,1702414800000,43.235,43.1925,41.43366666666667,39.0552,37.1391,33.823499999999996,33.593112500000004,36.77981,0,0,0,0,0,0,0,0,0,0,-0.32920316,0,0,0
733,2023-12-11,43.16,44.73,43.08,44.54,48288156.0,1702328400000,43.254000000000005,42.902,41.15533333333334,38.8836,37.0324,33.7423,33.6017625,36.78929,0,0,0,0,0,0,0,0,0,0,-0.35655882,0,0,0
732,2023-12-08,41.84,42.955,41.81,42.7,42814959.0,1702069200000,43.208,42.618,40.855333333333334,38.7038,36.931599999999996,33.658249999999995,33.6106875,36.799730000000004,0,0,0,0,0,0,0,0,0,0,-0.47500757,0,0,0
731,2023-12-07,41.75,42.435,41.1801,42.15,29118697.0,1701982800000,43.334,42.373000000000005,40.516,38.5534,36.8496,33.58595,33.6237625,36.812529999999995,0,0,0,0,0,0,0,0,0,0,-0.48298498,0,0,0
730,2023-12-06,42.48,42.59,41.17,41.27,31992262.0,1701896400000,43.486000000000004,42.161500000000004,40.205333333333336,38.4026,36.7718,33.520450000000004,33.6349875,36.82789,0,0,0,0,0,0,0,0,0,0,-0.44377513,0,0,0
729,2023-12-05,41.91,42.29,41.61,41.92,31859318.0,1701810000000,43.723,42.036500000000004,39.98266666666667,38.2538,36.690599999999996,33.45755,33.645987500000004,36.84439,0,0,0,0,0,0,0,0,0,0,-0.2857953,0,0,0
728,2023-12-04,43.3,43.31,41.685,42.35,50363587.0,1701723600000,44.005,41.838,39.71366666666667,38.1012,36.6101,33.39955,33.6587125,36.859910000000006,0,0,0,0,0,0,0,0,0,0,-0.1187733,0,0,0
727,2023-12-01,44.36,44.36,42.86,43.74,43928371.0,1701464400000,44.150999999999996,41.6275,39.466,37.9378,36.526399999999995,33.3291,33.6690875,36.87567,0,0,0,0,0,0,0,0,0,0,0.07957709,0,0,0
726,2023-11-30,44.65,45.09,44.41,44.7,46164571.0,1701378000000,44.112,41.3255,39.197,37.756,36.422,33.25015,33.676162500000004,36.889410000000005,0,0,0,0,0,0,0,0,0,0,0.22354495,0,0,0
725,2023-11-29,44.6,45.34,44.6,44.94,38902026.0,1701291600000,43.702999999999996,40.955,38.894999999999996,37.5558,36.3024,33.16745,33.6819625,36.90065,0,0,0,0,0,0,0,0,0,0,0.30333165,0,0,0
724,2023-11-28,43.69,44.3827,43.66,44.23,24548874.0,1701205200000,43.15,40.533,38.599000000000004,37.3838,36.1715,33.0932,33.6885125,36.91139,0,0,0,0,0,0,0,0,0,0,0.3544346,0,0,0
723,2023-11-27,43.65,44.545,43.65,44.08,33320937.0,1701118800000,42.55,40.106,38.343333333333334,37.259,36.048899999999996,33.02055,33.6967875,36.923989999999996,0,0,0,0,0,0,0,0,0,0,0.4470815,0,0,0
722,2023-11-24,43.68,44,43.61,43.96,12907105.0,1700859600000,42.028,39.679,38.073,37.135,35.9332,32.94975,33.7069125,36.937349999999995,0,0,0,0,0,0,0,0,0,0,0.5404893,0,0,0
721,2023-11-22,44.03,44.63,43.54,43.67,31490545.0,1700686800000,41.412,39.107,37.83566666666666,37.0292,35.8298,32.8813,33.720012499999996,36.95183,0,0,0,0,0,0,0,0,0,0,0.62914198,0,0,0
720,2023-11-21,44.5,44.6612,43.3,43.64,37252056.0,1700600400000,40.837,38.565,37.60933333333333,36.93,35.7275,32.80905,33.7311125,36.967589999999994,0,0,0,0,0,0,0,0,0,0,0.7210387,0,0,0
719,2023-11-20,43.78,44.93,43.78,44.74,44596396.0,1700514000000,40.35,38.1125,37.369,36.8344,35.6202,32.73295,33.7459125,36.982150000000004,0,0,0,0,0,0,0,0,0,0,0.79205208,0,0,0
718,2023-11-17,42.91,43.81,42.56,43.81,49701721.0,1700254800000,39.671,37.568,37.07966666666667,36.7114,35.5085,32.6533,33.762637500000004,36.99329,0,0,0,0,0,0,0,0,0,0,0.69028406,0,0,0
717,2023-11-16,41,43.395,40.82,43.35,86388194.0,1700168400000,39.104,37.1235,36.82566666666666,36.5954,35.4114,32.58225,33.7837375,37.006449999999994,0,0,0,0,0,0,0,0,0,0,0.56365622,0,0,0
716,2023-11-15,39.585,40.84,39.58,40.61,47392143.0,1700082000000,38.539,36.7395,36.577,36.492,35.3113,32.51695,33.8041375,37.01947,0,0,0,0,0,0,0,0,0,0,0.36876838,0,0,0
715,2023-11-14,38.8,39.49,38.07,39.41,45457362.0,1699995600000,38.207,36.491,36.42100000000001,36.4194,35.2352,32.46315,33.8321875,37.037349999999996,0,0,0,0,0,0,0,0,0,0,0.29065243,0,0,0
714,2023-11-13,38.35,38.565,38.14,38.23,24558261.0,1699909200000,37.916000000000004,36.3235,36.297000000000004,36.3654,35.1682,32.4133,33.8627125,37.05653,0,0,0,0,0,0,0,0,0,0,0.26711512,0,0,0
713,2023-11-10,38.24,38.99,38.24,38.86,38871279.0,1699650000000,37.662,36.24,36.20466666666667,36.333,35.1149,32.3687,33.8878125,37.07623,0,0,0,0,0,0,0,0,0,0,0.32531548,0,0,0
712,2023-11-09,38.05,38.515,37.77,37.8,48938771.0,1699563600000,37.33,36.0955,36.09433333333333,36.2586,35.0763,32.31805,33.911637500000005,37.09429,0,0,0,0,0,0,0,0,0,0,0.32115718,0,0,0
711,2023-11-08,38.85,38.89,37.7492,37.92,33483360.0,1699477200000,36.802,36.0475,36.007,36.193200000000004,35.062,32.26685,33.935612500000005,37.11525,0,0,0,0,0,0,0,0,0,0,0.39191314,0,0,0
710,2023-11-07,38.24,38.9,37.98,38.77,32052041.0,1699390800000,36.293,35.99550000000001,35.89666666666667,36.121,35.041,32.215650000000004,33.9594375,37.13823,0,0,0,0,0,0,0,0,0,0,0.45754678,0,0,0
709,2023-11-06,38.02,38.2,37.855,37.95,23877203.0,1699304400000,35.875,35.8785,35.732,36.018,35.0091,32.15545,33.9803625,37.15961,0,0,0,0,0,0,0,0,0,0,0.42661296,0,0,0
708,2023-11-03,38,38.32,37.665,38.14,30502744.0,1699041600000,35.464999999999996,35.784000000000006,35.61,35.924,34.9687,32.09785,34.0020625,37.19571,0,0,0,0,0,0,0,0,0,0,0.42045134,0,0,0
707,2023-11-02,37.58,37.82,36.91,37.7,35439964.0,1698955200000,35.143,35.6865,35.477999999999994,35.813,34.918,32.0382,34.0187375,37.23017,0,0,0,0,0,0,0,0,0,0,0.35505436,0,0,0
706,2023-11-01,36.5,37.315,36.28,37.29,41710705.0,1698868800000,34.94,35.596000000000004,35.376333333333335,35.7386,34.8544,31.9774,34.0354875,37.265190000000004,0,0,0,0,0,0,0,0,0,0,0.26266424,0,0,0
705,2023-10-31,35.66,36.57,35.62,36.5,41185207.0,1698782400000,34.775,35.528000000000006,35.28966666666667,35.6506,34.7997,31.920650000000002,34.0568375,37.29955,0,0,0,0,0,0,0,0,0,0,0.12838222,0,0,0
704,2023-10-30,35.465,36.05,34.92,35.69,36656425.0,1698696000000,34.731,35.4875,35.28433333333333,35.583400000000005,34.7475,31.8686,34.0822375,37.33547,0,0,0,0,0,0,0,0,0,0,-0.01093978,0,0,0
703,2023-10-27,34.66,36.38,34.6,35.54,84128212.0,1698436800000,34.818,35.476,35.361,35.5246,34.7002,31.82,34.1120875,37.37189,0,0,0,0,0,0,0,0,0,0,-0.1429245,0,0,0
702,2023-10-26,32.89,33.22,32.145,32.52,59049509.0,1698350400000,34.861000000000004,35.4765,35.439,35.4654,34.6348,31.77645,34.1419875,37.40533,0,0,0,0,0,0,0,0,0,0,-0.31912054,0,0,0
701,2023-10-25,34.18,34.45,32.55,32.83,44658462.0,1698264000000,35.293,35.609500000000004,35.644,35.4856,34.583600000000004,31.74605,34.1798875,37.44463,0,0,0,0,0,0,0,0,0,0,-0.25736174,0,0,0
700,2023-10-24,33.64,34.71,33.64,34.59,52673857.0,1698177600000,35.698,35.6985,35.84,35.5244,34.545300000000005,31.71585,34.2179875,37.48585,0,0,0,0,0,0,0,0,0,0,-0.16319102,0,0,0
699,2023-10-23,34.6,35.19,33.39,33.85,53924661.0,1698091200000,35.882,35.6605,35.98233333333334,35.5462,34.494499999999995,31.6775,34.2513375,37.52429,0,0,0,0,0,0,0,0,0,0,-0.1609627,0,0,0
698,2023-10-20,35.65,36.28,34.87,34.92,32303325.0,1697832000000,36.103,35.6825,36.14033333333334,35.567,34.458800000000004,31.644000000000002,34.2888875,37.564949999999996,0,0,0,0,0,0,0,0,0,0,-0.06714202,0,0,0
