id,value1,value2,category,amount
0,0.4967141530112327,43,C,773.5388915345638
1,-0.13826430117118466,48,A,980.1089924137669
2,0.6476885381006925,74,C,477.8784480222424
3,1.5230298564080254,60,B,532.2575311489761
4,-0.23415337472333597,66,C,168.33695591913022
5,-0.23413695694918055,5,B,246.90742666758558
6,1.5792128155073915,8,D,838.5492149028282
7,0.7674347291529088,5,A,356.18564711759416
8,-0.4694743859349521,72,D,826.8149737964189
9,0.5425600435859647,94,B,709.0137242870318
10,-0.46341769281246226,31,B,177.1709252718655
11,-0.46572975357025687,40,B,507.44636611974215
12,0.24196227156603412,75,A,677.3873215187168
13,-1.913280244657798,7,C,235.03721480382512
14,-1.7249178325130328,71,D,830.6885105200769
15,-0.5622875292409727,49,D,544.8276575451868
16,-1.0128311203344238,91,C,165.24205044260322
17,0.3142473325952739,61,D,582.9844261646025
18,-0.9080240755212109,83,A,999.7138041559141
19,-1.4123037013352915,61,D,150.52149166341354
20,1.465648768921554,6,B,816.7569301195281
21,-0.22577630048653566,74,C,207.30900318755795
22,0.06752820468792384,83,A,782.3883294600873
23,-1.4247481862134568,79,C,734.5779231214133
24,-0.5443827245251827,3,A,300.48938560043234
25,0.11092258970986608,5,B,325.82311756444983
26,-1.1509935774223028,57,C,792.5213919629191
27,0.37569801834567196,21,D,461.44551188731265
28,-0.600638689918805,25,A,730.8180287118088
29,-0.2916937497932768,2,C,147.98414736583476
30,-0.6017066122293969,40,D,852.5577819015535
31,1.8522781845089378,59,C,710.8847166823191
32,-0.013497224737933921,13,C,906.942808834834
33,-1.0577109289559004,74,C,132.37237903497245
34,0.822544912103189,81,A,593.0145003605977
35,-1.2208436499710222,11,D,599.1205850403252
36,0.2088635950047554,86,B,353.46074054678246
37,-1.9596701238797756,11,A,458.4664245692578
38,-1.3281860488984305,12,A,37.98156328985347
39,0.19686123586912352,24,A,745.860038627012
40,0.7384665799954104,44,B,549.322479403174
41,0.1713682811899705,18,D,57.74105186917377
42,-0.11564828238824053,54,D,680.7558929604855
43,-0.3011036955892888,99,D,466.78207723118794
44,-1.4785219903674274,44,C,34.461259425
45,-0.7198442083947086,7,C,969.6077268480954
46,-0.4606387709597875,92,C,949.1121430894405
47,1.0571222262189157,52,B,512.9024161471975
48,0.3436182895684614,54,C,93.6724207059102
49,-1.763040155362734,31,B,754.6212215985918
50,0.324083969394795,50,D,491.93110010572906
51,-0.38508228041631654,43,C,302.4474782893799
52,-0.6769220003059587,81,C,491.4181775285568
53,0.6116762888408679,69,A,522.4441454054645
54,1.030999522495951,17,B,562.7116990223392
55,0.9312801191161986,82,D,441.22371365532655
56,-0.8392175232226385,21,A,605.7553031390567
57,-0.3092123758512146,36,A,918.7347106063773
58,0.33126343140356396,95,D,362.26808709859114
59,0.9755451271223592,55,A,725.7164632199491
60,-0.47917423784528995,58,B,894.4525568242321
61,-0.18565897666381712,2,B,455.9792757599369
62,-1.1063349740060282,27,C,443.45583638190413
63,-1.1962066240806708,73,A,602.1169853547796
64,0.812525822394198,34,C,591.4067594224881
65,1.356240028570823,60,A,806.589342326277
66,-0.07201012158033385,92,B,476.4833837782927
67,1.0035328978920242,53,B,996.1229496394411
68,0.36163602504763415,62,B,59.47156886728078
69,-0.6451197546051243,78,A,3.1678485807017376
70,0.36139560550841393,96,B,640.1983115596238
71,1.5380365664659692,6,A,298.4349123618767
72,-0.03582603910995154,75,C,240.3823886994838
73,1.5646436558140062,48,A,311.89908000428045
74,-2.6197451040897444,93,C,256.0475651049543
75,0.8219025043752238,84,A,30.79004966044785
76,0.08704706823817122,30,C,971.5330423905887
77,-0.29900735046586746,57,B,220.74548845278176
78,0.0917607765355023,60,C,734.0297625893063
79,-1.9875689146008928,23,B,762.5963946941753
80,-0.21967188783751193,19,B,929.2573980072293
81,0.3571125715117464,36,C,30.54945709337997
82,1.477894044741516,3,A,872.0483384470077
83,-0.5182702182736474,91,A,527.2261808398002
84,-0.8084936028931876,19,D,632.5441099658278
85,-0.5017570435845365,59,A,644.4702771210336
86,0.9154021177020741,23,D,819.7978049847276
87,0.32875110965968446,49,A,333.4073221591105
88,-0.5297602037670388,48,A,733.0511898599934
89,0.5132674331133561,50,B,528.578109722197
90,0.09707754934804039,95,D,793.3940143053477
91,0.9686449905328892,35,A,990.5460327701335
92,-0.7020530938773524,97,D,200.65101740376124
93,-0.3276621465977682,99,B,994.6486415599978
94,-0.39210815313215763,65,B,89.812154282774
95,-1.4635149481321186,78,D,2.317547904813866
96,0.29612027706457605,33,B,44.161936177831265
97,0.26105527217988933,35,C,341.7824047367617
98,0.00511345664246089,5,C,632.9063306784342
99,-0.23458713337514692,38,B,69.02954088784963
100,-1.4153707420504142,41,C,5.66581452956727
101,-0.42064532276535904,57,A,937.0910284587948
102,-0.3427145165267695,11,D,821.9266359399296
103,-0.8022772692216189,2,A,809.1831711390311
104,-0.16128571166600914,17,D,884.4242755019771
105,0.4040508568145384,39,B,700.0342727721044
106,1.8861859012105302,20,A,104.40412974808144
107,0.17457781283183896,14,B,399.1001880737231
108,0.25755039072276437,96,B,723.1494864646295
109,-0.07444591576616721,98,D,280.33446079152094
110,-1.9187712152990415,25,D,687.4063641362376
111,-0.026513875449216878,7,D,24.49844826765235
112,0.06023020994102644,99,A,306.13734087959324
113,2.463242112485286,93,C,549.1303362771727
114,-0.19236096478112252,86,D,632.0898295062423
115,0.30154734233361247,41,D,577.0406644619109
116,-0.03471176970524331,43,A,697.7562760734295
117,-1.168678037619532,13,D,6.08874823983907
118,1.1428228145150205,77,A,100.94119997752149
119,0.7519330326867741,1,B,868.9442522791451
120,0.7910319470430469,36,D,681.7486440901612
121,-0.9093874547947389,68,D,112.9316426860113
122,1.4027943109360992,37,B,842.0744373985792
123,-1.4018510627922809,40,B,242.23121782456693
124,0.5868570938002703,61,B,478.2598841952235
125,2.1904556258099785,59,D,145.19651288466028
126,-0.9905363251306883,13,C,710.1100564217066
127,-0.5662977296027719,88,C,666.8544210142678
128,0.09965136508764122,83,C,211.11247116613617
129,-0.5034756541161992,1,D,863.4007668570018
130,-1.5506634310661327,69,B,401.3060242197122
131,0.06856297480602733,16,D,292.5150910707418
132,-1.0623037137261049,88,B,152.32958946453545
133,0.4735924306351816,27,D,266.16801251553744
134,-0.9194242342338032,65,D,22.026921223817
135,1.5499344050175394,34,B,583.2574924561155
136,-0.7832532923362371,4,C,842.2307463439479
137,-0.3220615162056756,64,B,548.9804494416418
138,0.8135172173696698,39,A,219.2739619238757
139,-1.2308643164339552,75,A,33.66917821387272
140,0.22745993460412942,55,B,214.62807325880283
141,1.307142754282428,35,D,416.12142807109234
142,-1.6074832345612275,44,A,759.6114286997964
143,0.1846338585323042,22,A,187.84285253777412
144,0.25988279424842353,46,D,719.791453354686
145,0.7818228717773104,30,D,866.9334683518837
146,-1.236950710878082,10,C,453.9468481083571
147,-1.3204566130842763,9,D,821.4319916425933
148,0.5219415656168976,66,B,554.6573480350955
149,0.29698467323318606,13,B,637.090837080905
150,0.25049285034587654,79,C,526.2784603382026
151,0.3464482094969757,73,A,463.17271675134174
152,-0.6800247215784908,92,A,234.65344177584936
153,0.23225369716100355,9,D,303.19405946104604
154,0.29307247329868125,75,B,289.970118943609
155,-0.7143514180263678,93,A,563.2889309538148
156,1.8657745111447566,0,C,119.95369302388991
157,0.4738329209117875,4,C,916.7916907023351
158,-1.1913034972026486,19,B,720.6551452831133
159,0.6565536086338297,7,C,401.4456309131936
160,-0.9746816702273214,42,C,158.62414452637796
161,0.787084603742452,75,B,881.9921697216358
162,1.158595579007404,0,D,823.7780901011652
163,-0.8206823183517105,56,D,721.7215527171793
164,0.9633761292443218,63,C,271.5470474112424
165,0.4127809269364983,83,D,402.4466374336689
166,0.82206015999449,27,D,102.74825245242336
167,1.8967929826539474,36,C,189.03952472753173
168,-0.2453881160028705,46,D,783.0166373167328
169,-0.7537361643574896,75,C,715.0387188506838
170,-0.8895144296255233,36,A,593.4857629759347
171,-0.8158102849654383,48,B,895.7267259261729
172,-0.0771017094141042,43,B,583.2665178130454
173,0.3411519748166439,55,D,466.96799996361074
174,0.27669079933001905,27,D,340.3707463057627
175,0.8271832490360238,78,D,940.4485057361726
176,0.01300189187790702,5,B,82.7154615243535
177,1.4535340771573169,60,A,930.8873720608084
178,-0.2646568332379561,19,A,826.7146599310183
179,2.720169166589619,77,B,129.9299245357013
180,0.6256673477650062,1,A,564.9843576752536
181,-0.8571575564162826,72,B,866.5479817490868
182,-1.0708924980611123,36,A,571.8091636071538
183,0.4824724152431853,19,C,907.1998215606222
184,-0.2234627853258509,25,C,942.9838168160425
185,0.714000494092092,28,B,422.38452218430587
186,0.47323762457354485,0,A,377.3136614063236
187,-0.07282891265687277,34,D,936.3211539691569
188,-0.846793718068405,69,A,675.1400611496681
189,-1.5148472246858646,58,C,116.02268134816929
190,-0.4465149520670211,68,C,42.2917492226812
191,0.8563987943234723,32,A,564.6290509972631
192,0.21409374413020396,50,A,930.1709654384246
193,-1.245738778711988,77,D,844.2487024058184
194,0.173180925851182,11,D,675.8477464643364
195,0.3853173797288368,19,A,139.11584889108752
196,-0.883857436201133,52,A,254.23138374869558
197,0.1537251059455279,87,A,875.5112265526161
198,0.058208718445999896,42,A,182.80723665690047
199,-1.142970297830623,97,B,278.43940825043455
200,0.3577873603482833,88,A,129.60065119544194
201,0.5607845263682344,49,D,676.1082314144111
202,1.083051243175277,28,C,943.9823053632095
203,1.053802052034903,56,B,268.968031595386
204,-1.377669367957091,38,A,475.4066078500737
205,-0.9378250399151228,94,C,634.3397397112043
206,0.5150352672086598,55,B,999.4662482156307
207,0.5137859509122088,42,C,104.80806499757212
208,0.5150476863060479,49,A,498.57079950570915
209,3.852731490654721,22,A,385.12011990250005
210,0.570890510693167,43,D,865.8201652223552
211,1.135565640180599,37,A,475.9677310116559
212,0.9540017634932023,83,A,110.97752458514809
213,0.651391251305798,22,B,634.4241452865837
214,-0.3152692446403456,44,D,770.7806182638798
215,0.7589692204932674,51,B,2.8812516656145926
216,-0.7728252145375718,79,C,858.9566854206296
217,-0.23681860674000887,49,A,186.02300000566564
218,-0.48536354782910346,7,C,552.0693646533779
219,0.08187413938632256,84,B,415.7975006874501
220,2.3146585666735087,0,A,719.6538166105304
221,-1.867265192591748,7,A,371.16161478574185
222,0.6862601903745135,28,B,869.7631766817108
223,-1.6127158711896517,95,B,730.4963609587902
224,-0.47193186578943347,4,B,647.7131710629214
225,1.088950596967366,85,B,796.2405955628543
226,0.06428001909546277,46,B,754.0230349283823
227,-1.0777447779293061,33,A,35.938674921553336
228,-0.7153037092599682,64,B,394.73435384482815
229,0.6795977489346758,54,A,930.8072973164898
230,-0.7303666317171367,89,A,125.72426899222621
231,0.21645858958197486,42,B,737.0965504320512
232,0.045571839903813784,73,B,974.5918113353297
233,-0.6516003476058171,29,D,52.19862904497163
234,2.1439440893253257,81,A,682.1938806266105
235,0.6339190223180112,16,B,468.1541413010304
236,-2.025142586657607,25,B,579.1752553747222
237,0.18645431476942764,7,B,85.34133648432484
238,-0.661786464768388,46,D,43.00695186693948
239,0.852433334796224,75,D,666.8666605509217
240,-0.7925207384327007,90,C,823.3094298207178
241,-0.11473644146689901,71,A,782.0153349329672
242,0.5049872789804571,88,C,543.8057278662374
243,0.8657551941701215,45,B,99.86682113617817
244,-1.2002964070557762,67,D,688.0444438360138
245,-0.3345012358409484,32,D,241.88888355414596
246,-0.4749453111609562,0,C,911.0687027673836
247,-0.6533292325737119,18,D,838.2653595457049
248,1.7654542402810969,30,B,709.3829670873909
249,0.40498171096095553,79,D,948.8459558311304
250,-1.2608839543350452,13,C,31.42182151127293
251,0.9178619470547761,52,B,736.200425060762
252,2.1221561970126332,47,C,330.2427793364053
253,1.0324652605511468,68,D,906.0658856863653
254,-1.5193699659540134,89,C,266.67519666197757
255,-0.48423407286625136,61,C,724.856499315017
256,1.2669111491866227,91,A,877.6470196507814
257,-0.7076694656187807,65,D,41.656818382682424
258,0.44381942814622843,63,D,397.6475795920361
259,0.7746340534293368,69,C,762.3090320219387
260,-0.926930471578083,62,A,454.9188895075871
261,-0.05952535606180008,72,D,267.2526297935953
262,-3.2412673400690726,32,B,219.80534882319003
263,-1.0243876413342898,40,C,131.5182669163779
264,-0.2525681513931603,88,D,857.1295598562823
265,-1.2477831819648495,47,B,575.355403251556
266,1.6324113039316352,12,D,76.38494499145598
267,-1.4301413779606327,72,B,382.5803235706354
268,-0.44004448669698376,76,C,367.7336508051099
269,0.13074057728609134,30,D,181.73919070946297
270,1.4412732890661155,74,D,435.5076254721907
271,-1.4358621511794394,67,A,332.09936539313645
272,1.1631637521549596,97,C,341.80370549218253
273,0.010233061019587049,3,B,739.0265577879587
274,-0.9815086510479509,18,D,223.2633855051963
275,0.46210347426327075,69,D,641.8599588553554
276,0.19905969557347003,97,B,570.6496238809349
277,-0.6002168771587947,81,C,568.0925123378673
278,0.06980208499001891,12,A,663.0073461417759
279,-0.3853135968617602,22,A,548.382036195654
280,0.11351734525124804,82,D,879.2551148463847
281,0.6621306745210467,74,B,675.5800919502598
282,1.586016816145352,0,D,546.9632513713881
283,-1.237815498826849,87,B,829.7631202876448
284,2.1330333746562666,53,A,606.1465649334797
285,-1.9520877995225019,70,C,291.144247785179
286,-0.15178509503558332,88,B,207.0949181765712
287,0.5883172064845765,84,A,152.3277856626788
288,0.28099186773503265,14,D,899.4552125461016
289,-0.6226995198205938,64,B,710.1354317980658
290,-0.20812225035727522,75,C,937.3784381643208
291,-0.4930009346588328,70,D,603.291805714943
292,-0.5893647569442115,14,D,473.40088149491254
293,0.8496020970210246,20,A,59.71648897088932
294,0.35701548596504734,18,B,671.6422815460298
295,-0.6929095952606542,59,D,582.2087597682312
296,0.8995998754332507,92,C,990.2088935876214
297,0.30729952087660933,88,B,239.15877778224305
298,0.8128621188389601,32,C,530.7373552868359
299,0.6296288419236122,48,D,650.9573351180726
300,-0.8289950109220723,95,C,644.5911747423436
301,-0.5601810401969696,34,A,561.2935429484028
302,0.7472936051232618,43,C,776.9280103272255
303,0.6103702654334648,89,B,204.98120952681643
304,-0.020901593964148132,10,C,725.6272002744158
305,0.117327383308782,98,C,619.7345714330892
306,1.277664895788425,71,A,896.0751117945733
307,-0.5915713888358299,77,C,847.1944390335817
308,0.5470973811700379,73,C,315.1470391325533
309,-0.20219265243389406,65,D,276.23732497515306
310,-0.2176812032272203,45,D,981.6533238524479
311,1.09877685198719,8,B,527.2651809152566
312,0.8254163489880298,2,D,906.4209639144368
313,0.8135096360006385,84,D,163.8810237804822
314,1.305478807154329,25,D,642.8189148001743
315,0.02100384163275905,71,D,809.8601873605862
316,0.6819529712949639,47,A,947.3952495864469
317,-0.31026675659345604,65,D,337.3401410170235
318,0.3241663524884421,69,A,724.9811699240524
319,-0.13014305436768459,27,A,538.813009039619
320,0.09699596499271819,92,D,60.62892606646819
321,0.5951570254369136,25,C,689.9997373089434
322,-0.8182206832334725,24,A,690.0965582378434
323,2.0923872756854602,11,C,930.606804846537
324,-1.006017381499702,4,C,497.31244616897243
325,-1.2141886127877322,97,D,230.25092071051466
326,1.1581108735000678,47,B,44.56382344867915
327,0.7916626939629359,36,D,415.6421866859057
328,0.6241198170521551,78,B,301.91670007750184
329,0.6283455092642799,43,B,761.0883060238756
330,-0.012246772846914623,99,D,354.2677648410466
331,-0.8972543714858315,14,D,949.071196314844
332,0.07580455819372633,42,B,962.3102029877842
333,-0.6771617115121117,47,D,620.908590217708
334,0.9751197334177512,86,B,928.6602870148829
335,-0.14705738150213865,69,C,760.8543445144957
336,-0.8254971967925115,45,D,546.8596409751261
337,-0.32138584165299344,42,C,180.30793542277812
338,0.41293145427562433,20,A,458.59794351384
339,-0.5637245528039747,22,C,560.8744633626176
340,-0.8222203955664315,79,C,863.9615807350102
341,0.2436872114919123,46,B,481.33337653566485
342,0.24496657110872277,14,C,897.6746726779567
343,-0.5069431753711298,24,D,674.3489790234689
344,-0.4710383056183228,35,B,136.99906305367136
345,0.2320499373576363,74,A,994.9813693250929
346,-1.4480843414973241,50,D,527.2326607539126
347,-1.4074637743765552,14,A,391.8582964090789
348,-0.718444221252436,67,C,659.1137644695265
349,-0.21344715171184725,20,D,108.89331398103907
350,0.3109075655980046,12,D,636.5386467533543
351,1.475356216949552,85,A,498.23600049927296
352,0.8576596232020194,18,D,406.67406999858315
353,-0.1599385299634271,33,D,953.0200211788991
354,-0.01901620790268883,77,D,522.5397167320532
355,-1.0025293646378088,67,C,219.11747946993842
356,-0.01851313599238993,51,A,458.96347937729865
357,-0.2886586389201383,26,D,919.3874045726726
358,0.3227185603380895,28,B,176.09547133059468
359,-0.827230943552323,27,B,213.9570386882369
360,0.5193465142411723,34,B,13.029567757083749
361,1.5327389130025777,7,B,14.19004939576718
362,-0.1087601484568576,15,C,829.3916269585126
363,0.40171172209894146,35,D,732.1226068429559
364,0.6901439917111125,29,A,355.0410564519583
365,-0.40122047188583626,17,D,698.3111572275727
366,0.22409248181041677,1,C,395.2059263099702
367,0.01259240078179486,48,B,952.8967959978276
368,0.09767609854883172,76,C,967.0526814260348
369,-0.7730097838554665,3,D,392.7937758093434
370,0.024510174258942714,89,A,854.221906340868
371,0.49799829124544975,88,C,773.0890416974662
372,1.4511436077950417,93,A,309.9999371717893
373,0.9592708260852069,74,C,232.03982890110598
374,2.1531824575115563,6,A,458.2346503928338
375,-0.7673475628880495,94,A,781.3488406144062
376,0.8723206367206782,73,B,960.1677847287455
377,0.18334200573835174,38,A,763.5790688665726
378,2.1898029332176723,12,B,855.20698501837
379,-0.8082982853551515,30,D,603.0643061705165
380,-0.8397218421807761,70,D,835.4078308421259
381,-0.5993926454440222,62,B,784.4208580034176
382,-2.123895724309807,55,B,376.98554192628006
383,-0.525755021680761,41,C,551.9903021207211
384,-0.759132661553698,60,C,804.7531219896948
385,0.15039378647620763,41,C,46.05673418995637
386,0.34175597577715944,55,D,808.07928235583
387,1.8761708392158862,35,C,177.88812404902345
388,0.9504238381860503,83,A,514.6836171214389
389,-0.5769036556624031,67,A,808.2754395559376
390,-0.898414671348358,6,C,253.82107815669485
391,0.4919191715065057,53,A,245.80743930615301
392,-1.3202332070206422,0,D,402.76439846225185
393,1.8314587658543537,43,A,894.6427975776345
394,1.179440120721287,44,D,0.4427814372078842
395,-0.4691756521047048,46,B,901.3830966419349
396,-1.7131345290908775,12,B,153.80702464160777
397,1.3538723741654128,21,B,990.0863760674821
398,-0.11453984525261789,20,B,954.8469930384681
399,1.2378163119734618,85,A,494.6751895912833
400,-1.594427658794367,91,C,512.7202478126281
401,-0.5993750229537729,8,A,481.54934027585426
402,0.005243699718183166,25,D,635.4436456595226
403,0.046980593764742055,8,A,90.72170223493103
404,-0.45006547147924364,14,A,32.6179483415665
405,0.6228499323474987,9,D,57.70292841589886
406,-1.0676204293825944,87,B,444.36534924151437
407,-0.1423794850212935,41,B,275.5479392194834
408,0.12029563171189886,71,B,622.0395623709937
409,0.514438834058749,23,C,992.442289374779
410,0.7116148780888898,79,D,386.32317307646593
411,-1.1246420918378692,48,D,573.8412541045134
412,-1.5341141707356223,25,A,415.60389590733547
413,1.277676821898509,90,C,847.2716677218593
414,0.33231401197959165,36,B,902.2364034622381
415,-0.7484865365565536,67,C,877.3556122052601
416,1.551151975522523,49,D,974.3722386792576
417,0.11567463429285867,23,D,27.519185140415292
418,1.1792971840638264,18,A,839.816162145531
419,0.06751848141010895,99,A,751.7721730390932
420,2.060747924881987,59,D,228.69440940036478
421,1.7553408424432044,38,B,956.3200933875275
422,-0.2489641484790735,73,B,148.17792822994548
423,0.9715709509543554,88,C,679.5499271339083
424,0.6453759495851475,17,D,224.89021681591248
425,1.3686315575323487,18,D,431.38064877407464
426,-0.9649234605801045,35,B,719.1598969445689
427,0.6860514599984393,73,B,563.3246420330466
428,1.0584244868495878,96,D,427.5018313281117
429,-1.7587394864231143,54,A,326.3384309319872
430,-1.183258512665775,68,D,839.6596557087903
431,-2.0392321777601006,46,D,143.8143503148137
432,-0.26940683444455776,48,B,430.1028765298001
433,0.7175422557959623,98,B,903.7575717751422
434,1.502357052096028,97,A,845.8495504599676
435,0.07409478041977519,32,A,400.9417624730467
436,1.6286155455712918,20,C,763.1083636013083
437,-1.3801014582148914,80,D,823.1608307088593
438,-1.7033824393551547,21,B,888.8874240036297
439,-0.05554769889661878,47,A,544.505769049228
440,0.3840654489393073,36,C,204.4608860547118
441,-0.03269474809409311,14,C,255.30907650393164
442,-2.0674421000398766,34,B,295.69467404160423
443,-0.08912003951278841,91,B,593.8024808096155
444,-1.3044695005048532,70,C,32.80962412860844
445,0.6696725488300385,31,A,636.0424687799683
446,0.36659824609684827,10,C,364.354238428232
447,-0.9398797863273552,9,D,295.24180248964217
448,-0.5138669173366935,72,D,879.4965707281264
449,-1.0592135218889516,77,B,460.0023955807989
450,-0.06267909727317188,76,A,95.05304553269278
451,0.9551423205012383,56,A,826.7467680262471
452,-0.9857260463355437,24,D,47.6412574365066
453,0.5040465155178444,1,C,726.7492241681966
454,-0.5302576183724408,63,B,773.9062217706652
455,-0.7928728322623442,34,C,352.60260592885817
456,-0.10703035995455783,6,C,824.7878562777868
457,-1.035242322419374,84,C,515.6594058564534
458,-0.553649305347182,17,A,463.2936532727968
459,-1.1978778925888485,66,D,45.40328146869255
460,1.9647251329163893,41,A,290.0291936489059
461,0.03526355197172861,38,D,931.0099708852998
462,-0.6997255079925856,40,B,391.8239632835
463,0.213979910734222,74,B,546.7005205567683
464,-0.11232804969082982,23,C,532.0216789842518
465,-0.22096959953322298,59,D,590.4310898226934
466,0.6141667000434252,45,D,61.330955643282614
467,0.7575077100473051,18,D,362.1762547987283
468,-0.5305011476105275,67,C,723.1282738825541
469,-0.57581824064468,89,C,200.5602510729829
470,-0.275051697151644,41,B,203.57837754636043
471,-2.301921164735585,31,A,10.090606689024728
472,-1.5151910621985523,38,D,437.48192660820973
473,1.3668742674445247,35,D,882.734380673422
474,1.6449677135012837,96,A,51.900943587309015
475,-0.24903603955637832,35,D,191.11870949600262
476,0.5765569630557664,2,C,310.0845383427551
477,0.3112501545435361,72,C,731.7247365642129
478,3.0788808084552377,7,D,640.6355928025865
479,1.1195749114345768,96,C,415.94390458185507
480,-0.12791759148076653,69,C,759.0689392583757
481,-0.9555404406004258,40,D,609.6310116569019
482,-1.6064463202575725,67,B,896.040799657219
483,0.2034636358672231,12,A,818.026749138693
484,-0.7563507452843033,48,C,252.81360608920056
485,-1.4222537095976742,59,B,271.4385776342002
486,-0.6465728842425266,1,C,125.35647579238562
487,-1.081548003614395,59,C,336.96472571745653
488,1.6871416350725648,4,A,999.5439187190943
489,0.8816397569494505,43,C,405.751168615061
490,-0.007972641316617372,26,A,220.48843468910638
491,1.4799441388900259,31,A,762.482884475553
492,0.0773683076476183,20,A,542.4710034626561
493,-0.8612842013282637,7,B,149.60144952695254
494,1.5231240772696573,71,D,380.68968116086575
495,0.5389100436846587,49,B,414.4697155393433
496,-1.0372461543264564,66,D,753.8297005692186
497,-0.1903386780836082,43,D,20.671368891904464
498,-0.8756182533847572,57,A,269.0196467983105
499,-1.382799730964336,2,C,517.596301315522
500,0.9261775475316414,85,A,268.84674245284333
501,1.9094166404701305,69,C,628.434047418999
502,-1.3985675738191412,1,D,481.8674792746166
503,0.5629692366905709,86,A,361.71025485958063
504,-0.6506425691218269,43,C,949.2086268705123
505,-0.48712538376469605,1,B,632.1594991864574
506,-0.5923939242388692,80,C,129.94137226794123
507,-0.863990769679816,34,A,560.0916974433954
508,0.04852162794482699,97,B,780.731853200901
509,-0.8309501164110378,86,C,708.4896974927973
510,0.2704568257798388,29,C,172.08922929525937
511,-0.05023810944913695,7,C,972.4199990401033
512,-0.23894804686640975,21,C,448.81364574660597
513,-0.9075636620415979,43,C,159.0250037402613
514,-0.5767713305683327,57,B,180.1957541281479
515,0.755391225825756,35,D,98.2349921890805
516,0.5009171876243808,68,B,803.5181084349343
517,-0.977555244798551,76,B,122.03049432184865
518,0.09933230542922587,92,B,125.12525714174694
519,0.751387123371789,30,D,850.4716147608376
520,-1.6694052811213718,46,A,344.6040844475596
521,0.543360192379935,54,D,30.85790430807245
522,-0.6626237589458467,79,B,51.89529951841087
523,0.5705986685931593,61,C,142.17044670389555
524,-0.7632591565425169,29,C,213.39334797568955
525,-1.804882100664519,54,B,665.1461942384054
526,-1.6275424378831627,15,C,157.32628000182825
527,0.048084946661381994,11,B,118.874391177072
528,0.25972250172148187,16,C,764.7191414762792
529,-0.9043166251044086,15,D,671.0552838599144
530,0.6385924587773739,11,A,435.32422145523617
531,-1.6615200622689599,7,A,549.3097714801039
532,-0.06607979864731657,83,D,311.9840203264185
533,-1.2110161997624567,2,D,482.50042023536065
534,-0.6518361078021592,15,B,506.6726489827458
535,0.047398671316414016,29,B,387.2372711780959
536,-0.8604133652839524,22,B,906.5722106721628
537,-0.38455554422982535,91,C,16.061864981006146
538,1.0062928092144405,4,B,782.1712630912461
539,-0.5768918695231487,83,D,124.38283124132433
540,0.8356921120651418,64,A,797.5473605371994
541,-1.129706854657618,29,C,615.9119156767213
542,0.5298041779152828,20,B,843.2780909364024
543,1.4415686206579004,83,C,97.51432564089745
544,-2.4716445001272893,69,C,558.9806340997741
545,-0.7968952554704768,21,B,501.0878802621971
546,0.57707212718054,81,C,706.1931829633586
547,-0.2030453860429927,71,A,534.2905518936758
548,0.37114587337130883,31,D,540.7345671331042
549,-0.6039851867158206,32,D,429.59594357606466
550,0.08658978747289992,15,A,308.83442400734083
551,-0.15567723539207948,75,C,482.2643612521922
552,1.1677820616598074,37,B,118.49235876840058
553,0.2544208433012131,97,C,961.5133389830847
554,0.3376026620752022,13,A,714.4107636265983
555,-0.4118769661224674,35,C,952.4671166878468
556,-0.48760622407249354,96,D,226.72738232996326
557,-0.4325581878196209,22,C,879.341020176528
558,0.39445214237829684,65,A,808.7899845635385
559,-0.42098448082026296,84,D,677.1524124576737
560,0.2897748568964129,1,C,625.0291860852058
561,2.075400798645439,90,C,316.54966526787
562,0.8711247034316923,72,D,816.4107849650308
563,-0.32602353216784113,64,B,501.5154614797338
564,1.2012139221639448,74,D,70.89157589128536
565,-0.4080753730215514,66,B,312.86316085513
566,-2.038124535177854,51,A,935.2970985453276
567,-1.008086310917404,61,A,850.6802606048462
568,-1.8707919210258557,22,D,981.9056980765391
569,-0.35151348404130867,25,D,627.9933826040981
570,0.0184183791895517,67,A,247.51007314041195
571,1.6764373122752827,81,B,162.81504967686377
572,0.32692737376416264,54,A,186.91444060846163
573,-0.21910052880886424,5,D,19.795658347254385
574,0.8294055811834892,34,A,390.6821109859392
575,-2.211135309007885,21,D,191.4276804995425
576,0.23561455810856594,42,D,411.65546045670243
577,0.7708651938869668,14,A,934.9944318387654
578,-1.4785862457798415,85,B,430.54020950718996
579,1.143754043206929,59,C,877.9844969848348
580,0.3384964074944141,11,A,605.5047666158765
581,-0.4152879139008013,48,C,247.13155466139193
582,0.6327818661062848,41,A,355.8547592592114
583,2.270692857804396,37,C,83.91953582142942
584,0.18186625505849516,81,B,333.4625935960105
585,0.24822058630033608,44,B,677.5409455035341
586,-0.4593608995402441,34,A,72.11109292943519
587,-0.8498443694647918,29,D,205.40140847802934
588,0.8303358165442456,87,C,381.4410414133115
589,-0.8560838259088672,29,D,982.0495370159625
590,0.07156623721939247,77,D,784.8618229588802
591,-0.4776574467651167,5,D,733.4867464921039
592,0.47897982574639186,66,B,116.19095652544598
593,0.3336621052869483,79,A,780.9958936149915
594,1.0375399442578992,6,A,785.2688115160151
595,-0.510016398854747,51,B,601.1026956243282
596,-0.26987493529337125,13,B,990.3617819983718
597,-0.9787637157823074,72,A,325.25390592455193
598,-0.4442932600761116,14,D,941.2724482418516
599,0.3773004930448522,20,C,914.7311149565036
600,0.7569886166453519,34,C,11.480659749377843
601,-0.9221653241776254,65,C,450.11652647481105
602,0.8696059201056602,90,D,977.1042330515734
603,1.355637858804951,1,A,103.12136240807578
604,0.41343490322370086,34,B,547.7846943833194
605,1.876795812558066,81,A,978.9575070411041
606,-0.773789199103573,77,D,555.4954241058601
607,-1.244654703311417,19,B,189.815302972156
608,-1.7787202489042786,81,D,582.1832300925897
609,1.496044311489183,9,C,204.44057394954683
610,0.6543656563540577,24,C,519.7042628944843
611,-0.05558467091045507,65,D,74.042217912348
612,0.2799686263198203,24,B,605.4826692144046
613,-1.1254890472983765,53,B,516.7899391281582
614,2.4457519796168263,32,A,740.1613687614631
615,0.1292211819752275,35,C,630.700471158785
616,0.10939479460489289,94,A,549.6062685307567
617,0.725766623898692,13,A,689.7788492481211
618,0.4810092317367132,64,D,143.94191357223085
619,0.22388402427913137,79,D,595.3596612586041
620,-0.7904744554453119,53,A,172.11060282277768
621,0.4714683571359957,51,C,925.5222078518809
622,1.8820244964750337,2,D,68.3341048456042
623,1.3454200461549777,98,A,430.37474969079324
624,1.593186626639397,40,A,695.7974776554448
625,-0.5112156764311852,5,A,458.02221166825876
626,-0.9896048202585809,24,A,92.09525323290235
627,-0.12578692009964815,12,A,553.3790161267074
628,0.055724912288694604,97,A,641.6319088273546
629,1.0941915184709485,7,D,703.7923109905076
630,-1.6924646297148194,20,C,373.2598144627589
631,1.5295503194606137,97,A,563.6599710287622
632,-0.15800789857898942,67,B,450.68647493891314
633,-0.42688106994742003,24,D,672.0560387522534
634,-1.0121043752601675,78,D,583.5569673248185
635,-1.6548566718657693,67,A,525.7562195591348
636,0.8231705839619146,44,D,249.52436683824862
637,0.07331796718840389,59,A,2.0185177482339167
638,-1.2899608997410539,11,C,174.08167531142925
639,-1.295078772063616,31,C,117.06604142416866
640,-0.3357846992901282,95,D,449.08474501094673
641,1.669021525289393,91,D,612.2581507618446
642,-0.2595913513636048,12,B,213.08500868480817
643,-1.5031429531181062,30,D,939.0570959671871
644,-0.24574306408594432,77,B,6.682129223887778
645,-0.2727235697476705,19,C,772.3010151653428
646,-2.6968866429415717,17,C,625.2047695304423
647,-0.05429486651781221,92,A,373.5548010476819
648,-0.23093453020867796,59,C,50.48894441240792
649,0.6962063648134184,62,B,627.4865717842794
650,1.8489560949453452,5,D,385.61351286564803
651,1.1265650295477574,31,A,936.2671394132192
652,-0.26888869055483056,92,B,541.9900748897659
653,-1.1065259087416703,42,D,939.6515112935082
654,2.5733598032498604,1,A,220.4836934733041
655,0.05921843401448826,59,C,725.7259103641032
656,0.013929291912946203,22,B,617.2490208487256
657,-0.024125087110003277,82,D,739.4082298313118
658,0.19808476076785494,30,A,214.6678639725368
659,-0.14436041192394247,4,A,664.9945162377737
660,-0.5736620068802363,82,C,498.040393056869
661,-0.5468589412403921,33,D,742.8249749063162
662,-0.03275327021599839,9,C,327.04464415181775
663,-0.543424771133765,88,C,890.0570254652525
664,-0.7128457826771644,1,D,84.30131461135038
665,0.10643022769189683,10,D,807.189318791188
666,-0.2549772174208553,49,D,861.3196258150908
667,1.5039929885826886,30,B,817.2523113668212
668,-2.650969808393012,55,D,512.726394261776
669,1.0915068519224618,78,A,438.3849800307613
670,1.246085192497629,72,C,996.2622865248768
671,-2.0733902324081495,86,B,229.1719512141621
672,-0.34268759408034877,82,D,546.8759658760446
673,-0.37144086599579146,8,B,670.6755253823255
674,-1.4075116947178212,98,D,700.867635861432
675,-0.7778166875908753,20,B,204.0246657385787
676,-1.1105758454658288,72,C,653.9940923398012
677,1.7522704434236227,27,C,818.3695664813373
678,0.9356783931474612,61,A,50.01857682111221
679,1.2715550949941588,6,A,911.5212933253165
680,0.7216720640432351,79,D,29.504055145205932
681,-1.1290517712172292,15,C,355.97103248839437
682,-0.5245202662797737,96,B,15.813196232962067
683,0.48937456122791806,3,B,77.14516853958186
684,-1.2221278088919454,3,B,911.1682851800791
685,0.7129984301723881,39,A,354.8608307461478
686,-0.24032539815813503,16,B,424.7715304250529
687,-0.3748208075495975,51,A,215.34438138255263
688,0.7109599682034915,92,A,597.0957701867197
689,0.44426331148603976,51,D,594.8032146777896
690,-0.3609661658190799,35,B,372.20039182521924
691,1.159329803364248,37,B,333.0348718053984
692,-1.0810633275998973,49,C,884.9643081805878
693,0.6159356069442637,62,D,383.2842396422014
694,0.5931012579683838,62,C,493.5009921544082
695,-0.3095464393139903,61,D,283.30476242493063
696,0.326133022242118,98,B,786.7695033571274
697,-1.251113576385303,6,A,397.44815689909166
698,0.924027019206901,26,A,513.6110465443245
699,-0.18490213644298903,91,A,253.3571700596614
700,-0.5227230205190395,85,A,987.6595923412518
701,1.0490092258368893,13,A,291.4957409237229
702,-0.7043436905427592,70,C,770.7425309055517
703,-1.4084612963635597,85,D,427.4956503567592
704,-1.5566291735239037,4,B,206.21740508413987
705,0.6060099513456396,54,C,799.7187639648612
706,-1.280429352496283,1,D,333.60678902904317
707,1.7547941819843647,61,A,865.1933473978111
708,-2.081929407883722,90,D,915.257184917823
709,1.6964563682900382,20,D,859.8238353912759
710,0.2110174672026184,78,A,35.00791480680565
711,-0.09671311187039239,20,A,787.3733450051055
712,-0.5449190868089497,9,A,411.3394664991439
713,0.39913611435207086,86,B,873.722920182225
714,-0.037634702424848364,57,A,637.9542626847388
715,1.1033018820165215,38,B,833.6431341439584
716,0.11422764866203965,4,A,499.43176986683534
717,0.1503017614618776,64,B,535.0255045989328
718,-0.36361221221385587,12,D,144.38763213366724
719,-0.056945623721067457,84,C,783.9873586893555
720,0.3078017688920592,89,D,419.38961166697163
721,-1.7101683926566256,84,D,500.0801182715826
722,-1.348185422105713,52,A,785.0977140957076
723,0.743264094022715,81,B,598.845400079439
724,0.17086543812794186,44,C,201.09872744266744
725,-0.18398333635267913,31,A,590.2326591508927
726,0.01843393306539316,35,A,407.63285797965574
727,0.34758170536167105,80,A,469.52554204386263
728,-0.5397596803093615,98,D,28.311274402667784
729,-0.7783047254023127,59,B,210.0293495162816
730,0.19584525509768155,10,B,281.03808138102823
731,-0.978372777615032,62,C,712.9600078588057
732,0.40825275571447184,20,B,11.492473298115314
733,-1.7025836042378404,51,B,408.777261229132
734,1.0291556373256436,54,A,924.0268704257328
735,0.472597482413043,25,A,111.88061654912384
736,0.25602973431387566,67,D,516.424388218611
737,0.9826909839455139,33,A,786.522382390847
738,1.6654744444625766,51,A,942.5313075201167
739,1.0143700650181304,81,A,746.776639533718
740,-1.8408742313316453,98,A,720.5655486444061
741,-1.2795769667357015,92,D,826.4880901957624
742,-0.6248185776956788,51,A,446.20122097754364
743,0.026091050210833786,28,C,805.844532617833
744,0.517659020469123,37,C,7.964404745451126
745,-0.7257438131534656,41,C,924.5610553768049
746,0.18676676447707832,20,C,443.3065095171753
747,-0.7553829323533225,41,A,553.3801878657476
748,-0.6115178029919482,12,C,254.88224891488233
749,-1.4066610968482223,63,A,742.5308328404215
750,-0.9232332461109043,16,D,76.63580647524881
751,-1.3516846056163336,8,C,872.6358025468353
752,-0.9758732529773327,40,B,828.1168290063428
753,1.0536417966078395,0,C,216.0601162447664
754,-0.949398888831943,1,C,809.3243982852624
755,2.632382064837391,59,A,786.3577330614814
756,0.4933179008808892,47,C,632.216597753949
757,0.1848361236948739,28,B,373.52017689968756
758,-0.8583577801812136,96,A,271.49875418186787
759,0.7003098794089914,9,A,231.78359028935003
760,-0.5756378262377739,57,D,318.60896276360717
761,0.12200981464536144,59,D,903.5584434325303
762,2.5600845382687947,20,C,77.64077598878127
763,-0.09605989972464987,27,D,828.8712762529586
764,1.1492733262856758,74,D,348.8900750418236
765,-0.7031764251258874,33,D,521.5993960113582
766,-0.0349884904969617,7,A,794.4856336484906
767,1.77080063563551,58,A,884.3765470229713
768,-0.6269670577877674,85,A,344.781420072647
769,1.8124485579969287,71,D,461.8434812751103
770,0.7077519354554754,48,A,414.51606481679227
771,-0.5624667758942676,78,D,13.251033503910548
772,0.632407739055521,16,A,295.9428888586566
773,0.9725544496267299,59,A,459.18923373256183
774,0.6218099622171964,86,B,411.0936088804398
775,-1.5702247198904564,87,C,721.9292275156795
776,-0.7271371758248686,44,D,384.80361722110325
777,-0.24751863555150475,82,B,489.37644897067025
778,-0.07443342910004629,68,A,429.60859213236336
779,0.620672097550678,31,D,740.6261488943705
780,0.17770100093325383,43,A,862.9723989869625
781,-1.3353443587101013,64,C,531.8890790075142
782,0.3801978510059632,86,B,789.4321941951912
783,0.6105857452838231,7,C,296.7866820198506
784,0.5597904479310398,76,B,541.3696101572687
785,1.0807807255546218,71,A,345.2299536699724
786,0.8339221545489041,86,C,414.2009255718303
787,0.4591800792284367,42,C,732.4138648126685
788,-0.07016571145864703,0,A,881.6624823327127
789,-1.6609609335159914,50,C,121.49539108776541
790,0.42961821913258585,23,D,634.6392564873805
791,0.20768768716311115,98,B,582.1438075777985
792,0.27157883719537346,23,B,118.41503917593188
793,-1.2767485758203094,16,B,211.8943304401091
794,-1.0810565404082624,4,D,311.00249473268025
795,1.0531528533329035,19,B,166.93107081750148
796,-0.03955515385665504,20,A,243.7294825243418
797,0.6815006973726244,57,C,267.6007988617075
798,0.028318376130461172,30,D,335.6738330390596
799,0.02975613949574519,99,B,749.390452801159
800,0.9382838059759977,10,A,571.9122038506007
801,-0.5160447282173739,51,C,986.2466719514015
802,0.09612077694098337,14,C,414.73582696747104
803,-0.4622752887050425,82,D,753.865073836925
804,-0.4344962274323156,6,D,871.4684213765338
805,-0.30917212346863937,27,D,678.978493038042
806,0.22213377163371284,50,A,411.86474041749597
807,-0.4787486216634773,57,A,753.594630745753
808,1.2557561255735208,4,D,203.66713777268487
809,-0.8946073022195039,4,B,327.5521651801324
810,-0.18687164416135904,93,C,546.6852550992887
811,-0.4397310582741749,95,C,575.4093872861483
812,1.4469778843537329,7,A,22.14147547262946
813,0.19655477651157463,63,C,945.1141887560087
814,1.0318445394686349,9,B,696.62727121739
815,-1.485560373036972,37,C,495.70375023189104
816,0.26705026586925884,95,A,933.1272344083084
817,0.889630795623437,91,A,439.0955652508285
818,0.08228398927542419,80,B,980.4355702703717
819,1.0654803750653512,94,B,512.284757243485
820,-0.5172884501003722,7,C,114.28576999797946
821,1.40934744018558,24,C,764.8009724592772
822,2.2988981236192503,72,A,678.8977250778405
823,-0.36283856043965906,65,B,772.9867213055868
824,-0.4455025214007718,78,B,951.4420287256811
825,1.453384477117701,49,B,776.4893026510181
826,1.5795721457307124,66,C,611.3366022166468
827,-0.5228600271532683,48,B,857.3089023608409
828,-0.42018681709585726,35,A,673.2464393545315
829,-0.2817846088605072,67,A,408.1190568259231
830,-1.344450511034277,77,C,885.6197642417733
831,-0.9186519464841982,40,D,221.90046078437285
832,-1.0041407667520679,88,C,714.6412749087242
833,-0.7677975651041284,61,D,881.563454940757
834,-0.03468488738678118,9,B,731.3165197032963
835,0.23421473253652075,20,C,697.2754190538569
836,1.5505004928140769,35,A,752.6382940718361
837,-0.998354040738791,11,B,465.0552483006444
838,0.9843223984765838,90,A,874.170682157026
839,-0.21398884422550896,1,B,203.4364751360912
840,-0.04946370965243295,12,C,127.38641600033928
841,0.6748194921666038,52,D,285.50878011851154
842,-1.1227220215622986,31,B,531.5773967749932
843,0.3824097461840506,94,D,510.5617954093381
844,0.1664522082130561,15,B,820.5987576765866
845,0.4924512640081491,31,A,404.5686564040174
846,0.2891686439078181,31,A,484.3444262915086
847,2.4553001399108942,97,B,13.367683259395635
848,-0.637739984251316,10,D,409.7392364429391
849,-0.5309969550018176,9,C,647.7742329503421
850,-0.6231405264247644,14,C,15.508330626592182
851,-0.5554771191602547,16,A,280.88196518624375
852,-0.6373871273065177,39,C,207.95635928938992
853,1.1890165311075518,17,A,41.98542890958823
854,1.4205042479898549,54,C,479.2600899145375
855,-0.5707462937494763,72,B,181.7232932281565
856,-0.8323555731042287,24,A,743.0815396313801
857,0.4714155563864041,58,A,847.9278837633485
858,-0.5522230442809712,77,B,545.5851826691478
859,0.6329318177555108,88,A,981.7073425211415
860,0.2029230208512997,21,C,450.47857147059534
861,-1.515744114997232,29,C,513.3682102249155
862,1.5475052013300616,83,A,989.2177539577501
863,1.7958776730955217,84,C,231.5484359650488
864,-0.6127886904843862,43,D,942.5459396769053
865,-0.38770155993598415,31,A,42.83755511911325
866,0.28586539072490497,50,B,446.3868902631948
867,0.334456789987025,45,D,70.00351213306577
868,0.6585442726728304,20,A,729.234742913643
869,2.0102045387663496,98,B,608.4089358800178
870,-0.1769472274940494,31,C,706.6342634675964
871,-0.7982972445384537,93,B,374.48039996801697
872,-1.3793192280145272,38,D,369.4819340313803
873,-0.7309300399419191,11,C,45.31927896089461
874,-0.033126972873797095,46,A,349.9449395296398
875,1.7945578635177877,17,C,929.2884022620594
876,-0.5176112990361714,20,A,379.226537180449
877,0.2237879516388985,12,A,831.36770622197
878,-0.016422896072752075,20,B,842.3255047499341
879,1.188393273448084,7,B,373.2411563792338
880,2.5269324258736217,45,B,631.988680396189
881,-0.5308687729203206,6,D,95.37160227305863
882,-0.48943944251822213,22,D,103.6785807342765
883,1.044160877069072,95,B,48.657663661713315
884,0.6818914896263114,74,D,581.0150933751095
885,1.8467073257360336,85,C,426.07097762609703
886,0.5839281853259639,21,C,548.0323566642401
887,-0.35929209078705954,88,D,521.0731905083878
888,0.5906548306923093,21,D,350.2029910907303
889,1.1087035805829077,91,C,677.4734148234729
890,0.820482181197364,28,A,758.5018809163907
891,0.5072740311072977,12,C,14.628258877675716
892,1.066674689589154,81,C,207.24229976887833
893,1.1692955904456728,1,D,713.2358680833369
894,1.3821589910375272,28,C,386.6201726338342
895,0.6487098875896427,84,D,662.4839469416082
896,-0.16711808031685435,78,D,346.96265973455843
897,0.14671368643332283,51,B,390.7551523296371
898,1.2065089665083568,26,C,158.6788736896849
899,-0.8169356709872361,49,A,258.23101966616
900,0.3686733088729012,94,B,605.4117575075873
901,-0.3933388123273607,78,D,433.16311131516636
902,0.028744822934817487,22,D,774.3026829445952
903,1.2784518626072987,87,A,852.5849549383428
904,0.19109906801990334,43,D,541.6464182167598
905,0.04643654815614881,76,C,758.2672920560591
906,-1.3598561409799192,21,B,306.90451319457003
907,0.7462535660272207,42,D,414.9712154000782
908,0.6454841811410754,36,D,712.777676216831
909,2.16325472330546,60,A,386.21199281703065
910,-0.30777823495300083,96,C,588.5049351589888
911,0.21915032766393897,55,D,185.3727790825115
912,0.24938368371075526,2,A,599.771314970498
913,1.5774532797634744,62,D,861.5137072268935
914,-0.0952955323869521,18,A,868.6396398234256
915,0.27902152577033923,22,A,724.3444063295397
916,0.6078965097165392,28,C,745.7533790761261
917,0.1866091231563581,29,D,557.9274451507007
918,-0.44643361455052827,38,C,584.6680901658248
919,0.19408999289830758,24,A,133.650581410518
920,1.073631749859772,7,B,443.8591884213011
921,-1.0265152994110602,57,D,450.77628388636384
922,0.132969674146876,15,B,958.4978356677401
923,-0.7001208149391732,71,D,431.08686262328945
924,1.1950466289248425,0,C,549.3426449027577
925,-1.5231869047837747,4,C,533.2513992791024
926,-0.5589218472715883,2,C,636.7617170443272
927,0.37721187506452086,64,C,748.2328313318959
928,1.5655240292343404,3,C,225.04187617087211
929,-0.0657502610729878,98,B,528.7244190984358
930,-0.5551995266931984,95,C,825.9177073160304
931,1.8811570694405901,63,A,463.1147138375115
932,-1.448013900416244,97,A,278.457546373573
933,-2.198805956620082,88,B,654.7090753562991
934,0.4400144500533324,9,D,823.7673957991229
935,-0.5020542243526112,20,A,63.140292927391314
936,-1.0212328171307132,45,D,776.7904834072272
937,0.7083564472993533,90,B,821.6479329617712
938,0.24380071377119883,26,D,461.5229275886068
939,-0.5640786307367284,65,D,983.3056568184674
940,-1.2803043986708944,40,D,786.7083407073092
941,0.8724573282801447,12,D,773.6625648956658
942,0.650201177958661,8,B,747.8385744120718
943,-0.09917586377938291,35,A,150.608103218274
944,1.8466369960476658,85,C,217.2308864530108
945,-1.0700847663261526,89,D,463.990131464425
946,-1.5255251709247388,57,A,264.00434995946586
947,-0.6919080698812444,53,A,415.24097233404046
948,-0.045586016355497805,11,B,888.4641099229207
949,0.24333944932269183,80,A,824.3268918792692
950,-0.24123605785632987,77,B,630.0398784799822
951,0.3520553965142968,13,D,858.1203942511036
952,-1.251539424190444,33,D,783.7723890172492
953,1.4437646040732595,52,C,428.98493184089045
954,-0.0821511783925688,19,C,201.06515204994514
955,1.1172958315881276,74,C,514.2010400093392
956,0.34272534637770413,15,A,736.2288825285501
957,0.4567532191537839,94,D,436.419598729593
958,0.5697672802322039,69,B,666.7719097838972
959,0.44770856001731496,55,C,94.32742629104362
960,0.6427227598675439,82,B,748.0047363714034
961,1.3291525301324314,57,B,812.7136198930621
962,0.19652116970147013,3,C,706.8378557805412
963,0.7090037575885123,3,D,967.2635875263655
964,-0.08973569428722672,19,C,826.6520574606404
965,1.4401172154494728,9,B,903.0937278765383
966,-0.6763923020592697,23,C,933.571083457648
967,1.8009404329108156,98,B,801.3479918738086
968,-0.04015795064434341,25,B,674.2588420064991
969,-1.4307751021180481,36,C,5.718581360789288
970,0.12810441491078928,84,A,465.8257532231247
971,-0.6810516574748808,53,C,571.162298622361
972,0.8406435489887241,20,A,304.0302724479996
973,-0.6526239793023909,73,B,318.1044469034721
974,-0.4461834332147797,37,B,961.1594157101651
975,-1.889540730945531,45,A,891.7108652027459
976,-0.4523063192490767,3,B,849.1790055017042
977,-2.4238793266289567,59,A,406.01180170611065
978,-1.5839028234857233,56,A,13.698550408914546
979,0.7604146561442974,44,B,80.22224645571407
980,0.7858001586508322,19,D,312.19636821760366
981,0.42545756178496474,16,A,15.742912995676983
982,-0.966976143129213,70,C,17.149781915198115
983,-0.047711356141979855,3,C,916.603301642411
984,-0.0036025390905684044,92,B,706.1585021190541
985,-1.1583646891925428,13,D,308.9559900681527
986,1.5033983017671506,2,B,132.64457760095317
987,0.8773622905756714,87,D,511.6357178950771
988,-0.22096417382966393,79,A,5.346160854364457
989,0.02688583899453078,57,A,938.413743858144
990,0.20838280794755248,54,A,414.8151193889472
991,-2.0417348684242906,3,A,402.33495523733274
992,-0.24717738252059693,23,C,390.5936075817822
993,-0.6819842479977986,33,C,69.32833038776477
994,-1.0016200098949155,29,B,638.3222397918265
995,-0.2811002928859549,81,D,733.0036196283534
996,1.7976865268495226,18,A,676.1253975882903
997,0.6408428612670098,30,A,138.43549332939432
998,-0.5711789897827968,59,D,578.8401680355926
999,0.5725827813561586,59,D,569.4844841722538
